pos,nr,driver_or_team,out_lap,time_out_lap,in_lap,time_in_lap,time_of_day,lapnumber,laptime,sector_1_time,sector_2_time,sector_3_time,speedTrap_1_Speed,speedTrap_2_Speed,speedTrap_3_Speed,speedTrap_4_Speed,class,session_time,driver_name
1,37,Phantom Global Racing,,,,,11:35:00.098,1,2:43.871,,1:05.284,56.380,,,,,GTWC Asia - PRO-AM,2:43.871,Loek HARTOG
1,37,Phantom Global Racing,,,,,11:36:31.705,2,1:31.607,28.584,35.601,27.422,,,,202.62 km/h,GTWC Asia - PRO-AM,4:15.478,Loek HARTOG
1,37,Phantom Global Racing,,,,,11:38:01.486,3,1:29.781,26.547,35.717,27.517,,,,221.76 km/h,GTWC Asia - PRO-AM,5:45.259,Loek HARTOG
1,37,Phantom Global Racing,,,,,11:39:38.300,4,1:36.814,28.138,40.064,28.612,,,,222.22 km/h,GTWC Asia - PRO-AM,7:22.073,Loek HARTOG
1,37,Phantom Global Racing,,,,,11:41:55.578,5,2:17.278,28.637,1:01.726,46.915,,,,186.52 km/h,GTWC Asia - PRO-AM,9:39.351,Loek HARTOG
1,37,Phantom Global Racing,,,,,11:44:35.583,6,2:40.005,42.550,1:10.101,47.354,,,,150.20 km/h,GTWC Asia - PRO-AM,12:19.356,Loek HARTOG
1,37,Phantom Global Racing,,,,,11:47:12.305,7,2:36.722,42.627,1:03.831,50.264,,,,131.70 km/h,GTWC Asia - PRO-AM,14:56.078,Loek HARTOG
1,37,Phantom Global Racing,,,,,11:48:41.657,8,1:29.352,26.330,35.621,27.401,,,,220.85 km/h,GTWC Asia - PRO-AM,16:25.430,Loek HARTOG
1,37,Phantom Global Racing,,,,,11:50:10.894,9,1:29.237,26.283,35.558,27.396,,,,222.22 km/h,GTWC Asia - PRO-AM,17:54.667,Loek HARTOG
1,37,Phantom Global Racing,,,,,11:51:39.769,10,1:28.875,26.221,35.312,27.342,,,,222.68 km/h,GTWC Asia - PRO-AM,19:23.542,Loek HARTOG
1,37,Phantom Global Racing,,,,,11:53:08.414,11,1:28.645,26.204,35.183,27.258,,,,222.22 km/h,GTWC Asia - PRO-AM,20:52.187,Loek HARTOG
1,37,Phantom Global Racing,,,,,11:54:37.522,12,1:29.108,26.353,35.310,27.445,,,,223.14 km/h,GTWC Asia - PRO-AM,22:21.295,Loek HARTOG
1,37,Phantom Global Racing,,,,,11:56:06.348,13,1:28.826,26.117,35.382,27.327,,,,223.14 km/h,GTWC Asia - PRO-AM,23:50.121,Loek HARTOG
1,37,Phantom Global Racing,,,,,11:57:35.106,14,1:28.758,26.170,35.304,27.284,,,,222.68 km/h,GTWC Asia - PRO-AM,25:18.879,Loek HARTOG
1,37,Phantom Global Racing,,,,,11:59:03.956,15,1:28.850,26.151,35.280,27.419,,,,222.22 km/h,GTWC Asia - PRO-AM,26:47.729,Loek HARTOG
1,37,Phantom Global Racing,,,,,12:00:32.742,16,1:28.786,26.255,35.230,27.301,,,,222.22 km/h,GTWC Asia - PRO-AM,28:16.515,Loek HARTOG
1,37,Phantom Global Racing,,,,,12:02:01.727,17,1:28.985,26.082,35.566,27.337,,,,223.14 km/h,GTWC Asia - PRO-AM,29:45.500,Loek HARTOG
1,37,Phantom Global Racing,,,,,12:03:30.875,18,1:29.148,26.161,35.608,27.379,,,,222.68 km/h,GTWC Asia - PRO-AM,31:14.648,Loek HARTOG
1,37,Phantom Global Racing,,,,,12:04:59.699,19,1:28.824,26.170,35.340,27.314,,,,222.68 km/h,GTWC Asia - PRO-AM,32:43.472,Loek HARTOG
1,37,Phantom Global Racing,,,TRUE,12:06:23.190,12:06:37.036,20,1:37.337,26.170,35.391,,,,,223.14 km/h,GTWC Asia - PRO-AM,34:20.809,Loek HARTOG
1,37,Phantom Global Racing,TRUE,12:08:03.574,,,12:09:33.616,21,2:56.580,,36.765,27.747,,,,,GTWC Asia - PRO-AM,37:17.389,Anthony Xu LIU
1,37,Phantom Global Racing,,,,,12:11:04.613,22,1:30.997,26.701,36.164,28.132,,,,221.31 km/h,GTWC Asia - PRO-AM,38:48.386,Anthony Xu LIU
1,37,Phantom Global Racing,,,,,12:12:35.145,23,1:30.532,27.131,35.875,27.526,,,,221.76 km/h,GTWC Asia - PRO-AM,40:18.918,Anthony Xu LIU
1,37,Phantom Global Racing,,,,,12:14:04.794,24,1:29.649,26.372,35.871,27.406,,,,222.22 km/h,GTWC Asia - PRO-AM,41:48.567,Anthony Xu LIU
1,37,Phantom Global Racing,,,,,12:15:34.429,25,1:29.635,26.485,35.678,27.472,,,,222.68 km/h,GTWC Asia - PRO-AM,43:18.202,Anthony Xu LIU
1,37,Phantom Global Racing,,,,,12:17:03.895,26,1:29.466,26.246,35.737,27.483,,,,223.14 km/h,GTWC Asia - PRO-AM,44:47.668,Anthony Xu LIU
1,37,Phantom Global Racing,,,,,12:19:03.885,27,1:59.990,26.527,40.747,52.716,,,,223.14 km/h,GTWC Asia - PRO-AM,46:47.658,Anthony Xu LIU
1,37,Phantom Global Racing,,,,,12:21:35.491,28,2:31.606,53.057,1:10.473,28.076,,,,79.88 km/h,GTWC Asia - PRO-AM,49:19.264,Anthony Xu LIU
1,37,Phantom Global Racing,,,,,12:23:05.860,29,1:30.369,26.846,35.988,27.535,,,,221.31 km/h,GTWC Asia - PRO-AM,50:49.633,Anthony Xu LIU
1,37,Phantom Global Racing,,,,,12:24:35.916,30,1:30.056,26.669,35.867,27.520,,,,222.68 km/h,GTWC Asia - PRO-AM,52:19.689,Anthony Xu LIU
1,37,Phantom Global Racing,,,,,12:26:06.064,31,1:30.148,26.408,35.955,27.785,,,,223.14 km/h,GTWC Asia - PRO-AM,53:49.837,Anthony Xu LIU
1,37,Phantom Global Racing,,,,,12:27:38.648,32,1:32.584,26.441,38.426,27.717,,,,224.06 km/h,GTWC Asia - PRO-AM,55:22.421,Anthony Xu LIU
1,37,Phantom Global Racing,,,,,12:29:08.609,33,1:29.961,26.514,35.929,27.518,,,,224.06 km/h,GTWC Asia - PRO-AM,56:52.382,Anthony Xu LIU
1,37,Phantom Global Racing,,,,,12:30:38.036,34,1:29.427,26.326,35.657,27.444,,,,223.60 km/h,GTWC Asia - PRO-AM,58:21.809,Anthony Xu LIU
1,37,Phantom Global Racing,,,,,12:32:07.345,35,1:29.309,26.356,35.579,27.374,,,,223.60 km/h,GTWC Asia - PRO-AM,59:51.118,Anthony Xu LIU
1,37,Phantom Global Racing,,,,,12:33:36.949,36,1:29.604,26.277,35.671,27.656,,,,223.60 km/h,GTWC Asia - PRO-AM,1:01:20.722,Anthony Xu LIU
2,911,Absolute Racing,,,,,11:35:01.078,1,2:44.851,,1:05.192,52.237,,,,,GTWC Asia - PRO-AM,2:44.851,Alessandro GHIRETTI
2,911,Absolute Racing,,,,,11:36:37.762,2,1:36.684,30.435,37.711,28.538,,,,188.15 km/h,GTWC Asia - PRO-AM,4:21.535,Alessandro GHIRETTI
2,911,Absolute Racing,,,,,11:38:07.890,3,1:30.128,26.649,35.920,27.559,,,,221.31 km/h,GTWC Asia - PRO-AM,5:51.663,Alessandro GHIRETTI
2,911,Absolute Racing,,,,,11:39:46.465,4,1:38.575,29.507,39.878,29.190,,,,182.43 km/h,GTWC Asia - PRO-AM,7:30.238,Alessandro GHIRETTI
2,911,Absolute Racing,,,,,11:42:01.854,5,2:15.389,28.463,59.407,47.519,,,,213.43 km/h,GTWC Asia - PRO-AM,9:45.627,Alessandro GHIRETTI
2,911,Absolute Racing,,,,,11:44:42.194,6,2:40.340,41.741,1:10.244,48.355,,,,160.47 km/h,GTWC Asia - PRO-AM,12:25.967,Alessandro GHIRETTI
2,911,Absolute Racing,,,,,11:47:15.846,7,2:33.652,41.539,1:02.510,49.603,,,,127.05 km/h,GTWC Asia - PRO-AM,14:59.619,Alessandro GHIRETTI
2,911,Absolute Racing,,,,,11:48:46.943,8,1:31.097,27.077,36.188,27.832,,,,223.60 km/h,GTWC Asia - PRO-AM,16:30.716,Alessandro GHIRETTI
2,911,Absolute Racing,,,,,11:50:16.900,9,1:29.957,26.359,35.843,27.755,,,,224.06 km/h,GTWC Asia - PRO-AM,18:00.673,Alessandro GHIRETTI
2,911,Absolute Racing,,,,,11:51:46.514,10,1:29.614,26.418,35.747,27.449,,,,224.06 km/h,GTWC Asia - PRO-AM,19:30.287,Alessandro GHIRETTI
2,911,Absolute Racing,,,,,11:53:16.559,11,1:30.045,26.919,35.637,27.489,,,,225.46 km/h,GTWC Asia - PRO-AM,21:00.332,Alessandro GHIRETTI
2,911,Absolute Racing,,,,,11:54:46.013,12,1:29.454,26.346,35.564,27.544,,,,224.53 km/h,GTWC Asia - PRO-AM,22:29.786,Alessandro GHIRETTI
2,911,Absolute Racing,,,,,11:56:15.302,13,1:29.289,26.333,35.438,27.518,,,,224.06 km/h,GTWC Asia - PRO-AM,23:59.075,Alessandro GHIRETTI
2,911,Absolute Racing,,,,,11:57:44.792,14,1:29.490,26.283,35.599,27.608,,,,224.53 km/h,GTWC Asia - PRO-AM,25:28.565,Alessandro GHIRETTI
2,911,Absolute Racing,,,,,11:59:14.148,15,1:29.356,26.259,35.589,27.508,,,,224.06 km/h,GTWC Asia - PRO-AM,26:57.921,Alessandro GHIRETTI
2,911,Absolute Racing,,,,,12:00:43.496,16,1:29.348,26.388,35.540,27.420,,,,224.06 km/h,GTWC Asia - PRO-AM,28:27.269,Alessandro GHIRETTI
2,911,Absolute Racing,,,,,12:02:12.856,17,1:29.360,26.237,35.590,27.533,,,,225.00 km/h,GTWC Asia - PRO-AM,29:56.629,Alessandro GHIRETTI
2,911,Absolute Racing,,,,,12:03:42.296,18,1:29.440,26.309,35.571,27.560,,,,224.06 km/h,GTWC Asia - PRO-AM,31:26.069,Alessandro GHIRETTI
2,911,Absolute Racing,,,,,12:05:11.730,19,1:29.434,26.311,35.584,27.539,,,,224.53 km/h,GTWC Asia - PRO-AM,32:55.503,Alessandro GHIRETTI
2,911,Absolute Racing,,,TRUE,12:06:35.126,12:06:47.505,20,1:35.775,26.344,35.602,,,,,224.06 km/h,GTWC Asia - PRO-AM,34:31.278,Alessandro GHIRETTI
2,911,Absolute Racing,TRUE,12:08:15.938,,,12:09:45.373,21,2:57.868,,36.445,27.867,,,,,GTWC Asia - PRO-AM,37:29.146,Ruohan HUANG
2,911,Absolute Racing,,,,,12:11:15.729,22,1:30.356,26.858,35.922,27.576,,,,222.68 km/h,GTWC Asia - PRO-AM,38:59.502,Ruohan HUANG
2,911,Absolute Racing,,,,,12:12:45.132,23,1:29.403,26.471,35.427,27.505,,,,223.60 km/h,GTWC Asia - PRO-AM,40:28.905,Ruohan HUANG
2,911,Absolute Racing,,,,,12:14:14.657,24,1:29.525,26.437,35.631,27.457,,,,223.14 km/h,GTWC Asia - PRO-AM,41:58.430,Ruohan HUANG
2,911,Absolute Racing,,,,,12:15:44.490,25,1:29.833,26.717,35.591,27.525,,,,223.60 km/h,GTWC Asia - PRO-AM,43:28.263,Ruohan HUANG
2,911,Absolute Racing,,,,,12:17:14.204,26,1:29.714,26.323,35.589,27.802,,,,223.60 km/h,GTWC Asia - PRO-AM,44:57.977,Ruohan HUANG
2,911,Absolute Racing,,,,,12:19:26.420,27,2:12.216,26.841,52.251,53.124,,,,225.46 km/h,GTWC Asia - PRO-AM,47:10.193,Ruohan HUANG
2,911,Absolute Racing,,,,,12:21:48.750,28,2:22.330,53.384,1:00.629,28.317,,,,79.17 km/h,GTWC Asia - PRO-AM,49:32.523,Ruohan HUANG
2,911,Absolute Racing,,,,,12:23:19.024,29,1:30.274,26.683,35.838,27.753,,,,222.22 km/h,GTWC Asia - PRO-AM,51:02.797,Ruohan HUANG
2,911,Absolute Racing,,,,,12:24:49.659,30,1:30.635,26.471,36.009,28.155,,,,223.60 km/h,GTWC Asia - PRO-AM,52:33.432,Ruohan HUANG
2,911,Absolute Racing,,,,,12:26:22.205,31,1:32.546,27.509,36.935,28.102,,,,224.06 km/h,GTWC Asia - PRO-AM,54:05.978,Ruohan HUANG
2,911,Absolute Racing,,,,,12:27:52.433,32,1:30.228,26.560,35.978,27.690,,,,224.06 km/h,GTWC Asia - PRO-AM,55:36.206,Ruohan HUANG
2,911,Absolute Racing,,,,,12:29:21.953,33,1:29.520,26.369,35.555,27.596,,,,224.53 km/h,GTWC Asia - PRO-AM,57:05.726,Ruohan HUANG
2,911,Absolute Racing,,,,,12:30:51.457,34,1:29.504,26.370,35.573,27.561,,,,224.53 km/h,GTWC Asia - PRO-AM,58:35.230,Ruohan HUANG
2,911,Absolute Racing,,,,,12:32:21.953,35,1:30.496,26.561,36.134,27.801,,,,224.53 km/h,GTWC Asia - PRO-AM,1:00:05.726,Ruohan HUANG
2,911,Absolute Racing,,,,,12:33:52.838,36,1:30.885,26.409,36.295,28.181,,,,224.53 km/h,GTWC Asia - PRO-AM,1:01:36.611,Ruohan HUANG
3,15,Audi Sport Asia Team Phantom,,,,,11:35:00.207,1,2:43.980,,1:05.282,55.879,,,,,GTWC Asia - PRO-AM,2:43.980,Jaxon EVANS
3,15,Audi Sport Asia Team Phantom,,,,,11:36:32.672,2,1:32.465,29.201,35.738,27.526,,,,202.24 km/h,GTWC Asia - PRO-AM,4:16.445,Jaxon EVANS
3,15,Audi Sport Asia Team Phantom,,,,,11:38:02.117,3,1:29.445,26.451,35.567,27.427,,,,224.53 km/h,GTWC Asia - PRO-AM,5:45.890,Jaxon EVANS
3,15,Audi Sport Asia Team Phantom,,,,,11:39:39.929,4,1:37.812,28.774,39.915,29.123,,,,225.00 km/h,GTWC Asia - PRO-AM,7:23.702,Jaxon EVANS
3,15,Audi Sport Asia Team Phantom,,,,,11:41:56.783,5,2:16.854,27.899,1:01.707,47.248,,,,219.06 km/h,GTWC Asia - PRO-AM,9:40.556,Jaxon EVANS
3,15,Audi Sport Asia Team Phantom,,,,,11:44:36.515,6,2:39.732,42.117,1:10.061,47.554,,,,163.63 km/h,GTWC Asia - PRO-AM,12:20.288,Jaxon EVANS
3,15,Audi Sport Asia Team Phantom,,,,,11:47:13.323,7,2:36.808,42.609,1:03.350,50.849,,,,128.41 km/h,GTWC Asia - PRO-AM,14:57.096,Jaxon EVANS
3,15,Audi Sport Asia Team Phantom,,,,,11:48:43.065,8,1:29.742,26.528,35.668,27.546,,,,223.60 km/h,GTWC Asia - PRO-AM,16:26.838,Jaxon EVANS
3,15,Audi Sport Asia Team Phantom,,,,,11:50:12.430,9,1:29.365,26.392,35.473,27.500,,,,225.00 km/h,GTWC Asia - PRO-AM,17:56.203,Jaxon EVANS
3,15,Audi Sport Asia Team Phantom,,,,,11:51:41.398,10,1:28.968,26.309,35.338,27.321,,,,225.94 km/h,GTWC Asia - PRO-AM,19:25.171,Jaxon EVANS
3,15,Audi Sport Asia Team Phantom,,,,,11:53:10.547,11,1:29.149,26.331,35.329,27.489,,,,225.46 km/h,GTWC Asia - PRO-AM,20:54.320,Jaxon EVANS
3,15,Audi Sport Asia Team Phantom,,,,,11:54:39.427,12,1:28.880,26.207,35.229,27.444,,,,225.46 km/h,GTWC Asia - PRO-AM,22:23.200,Jaxon EVANS
3,15,Audi Sport Asia Team Phantom,,,,,11:56:08.243,13,1:28.816,26.216,35.202,27.398,,,,225.94 km/h,GTWC Asia - PRO-AM,23:52.016,Jaxon EVANS
3,15,Audi Sport Asia Team Phantom,,,,,11:57:37.174,14,1:28.931,26.198,35.334,27.399,,,,225.94 km/h,GTWC Asia - PRO-AM,25:20.947,Jaxon EVANS
3,15,Audi Sport Asia Team Phantom,,,,,11:59:06.061,15,1:28.887,26.156,35.278,27.453,,,,226.41 km/h,GTWC Asia - PRO-AM,26:49.834,Jaxon EVANS
3,15,Audi Sport Asia Team Phantom,,,,,12:00:35.140,16,1:29.079,26.163,35.327,27.589,,,,225.46 km/h,GTWC Asia - PRO-AM,28:18.913,Jaxon EVANS
3,15,Audi Sport Asia Team Phantom,,,,,12:02:04.203,17,1:29.063,26.207,35.395,27.461,,,,225.94 km/h,GTWC Asia - PRO-AM,29:47.976,Jaxon EVANS
3,15,Audi Sport Asia Team Phantom,,,,,12:03:33.347,18,1:29.144,26.265,35.451,27.428,,,,225.94 km/h,GTWC Asia - PRO-AM,31:17.120,Jaxon EVANS
3,15,Audi Sport Asia Team Phantom,,,,,12:05:02.434,19,1:29.087,26.138,35.314,27.635,,,,226.41 km/h,GTWC Asia - PRO-AM,32:46.207,Jaxon EVANS
3,15,Audi Sport Asia Team Phantom,,,TRUE,12:06:25.766,12:06:39.508,20,1:37.074,26.136,35.386,,,,,225.46 km/h,GTWC Asia - PRO-AM,34:23.281,Jaxon EVANS
3,15,Audi Sport Asia Team Phantom,TRUE,12:08:16.434,,,12:09:46.562,21,3:07.054,,36.878,27.882,,,,,GTWC Asia - PRO-AM,37:30.335,Andrés PATO
3,15,Audi Sport Asia Team Phantom,,,,,12:11:16.253,22,1:29.691,26.466,35.545,27.680,,,,224.53 km/h,GTWC Asia - PRO-AM,39:00.026,Andrés PATO
3,15,Audi Sport Asia Team Phantom,,,,,12:12:45.707,23,1:29.454,26.492,35.492,27.470,,,,224.06 km/h,GTWC Asia - PRO-AM,40:29.480,Andrés PATO
3,15,Audi Sport Asia Team Phantom,,,,,12:14:15.698,24,1:29.991,26.286,35.855,27.850,,,,224.06 km/h,GTWC Asia - PRO-AM,41:59.471,Andrés PATO
3,15,Audi Sport Asia Team Phantom,,,,,12:15:46.362,25,1:30.664,26.452,35.743,28.469,,,,225.46 km/h,GTWC Asia - PRO-AM,43:30.135,Andrés PATO
3,15,Audi Sport Asia Team Phantom,,,,,12:17:16.991,26,1:30.629,26.563,35.877,28.189,,,,225.46 km/h,GTWC Asia - PRO-AM,45:00.764,Andrés PATO
3,15,Audi Sport Asia Team Phantom,,,,,12:19:32.913,27,2:15.922,26.665,56.211,53.046,,,,224.06 km/h,GTWC Asia - PRO-AM,47:16.686,Andrés PATO
3,15,Audi Sport Asia Team Phantom,,,,,12:21:50.687,28,2:17.774,53.242,56.319,28.213,,,,79.52 km/h,GTWC Asia - PRO-AM,49:34.460,Andrés PATO
3,15,Audi Sport Asia Team Phantom,,,,,12:23:21.755,29,1:31.068,26.678,35.870,28.520,,,,223.60 km/h,GTWC Asia - PRO-AM,51:05.528,Andrés PATO
3,15,Audi Sport Asia Team Phantom,,,,,12:24:51.831,30,1:30.076,26.570,35.718,27.788,,,,224.06 km/h,GTWC Asia - PRO-AM,52:35.604,Andrés PATO
3,15,Audi Sport Asia Team Phantom,,,,,12:26:23.419,31,1:31.588,26.699,36.102,28.787,,,,226.41 km/h,GTWC Asia - PRO-AM,54:07.192,Andrés PATO
3,15,Audi Sport Asia Team Phantom,,,,,12:27:53.458,32,1:30.039,26.566,35.741,27.732,,,,225.46 km/h,GTWC Asia - PRO-AM,55:37.231,Andrés PATO
3,15,Audi Sport Asia Team Phantom,,,,,12:29:23.327,33,1:29.869,26.502,35.795,27.572,,,,225.94 km/h,GTWC Asia - PRO-AM,57:07.100,Andrés PATO
3,15,Audi Sport Asia Team Phantom,,,,,12:30:53.003,34,1:29.676,26.348,35.572,27.756,,,,225.46 km/h,GTWC Asia - PRO-AM,58:36.776,Andrés PATO
3,15,Audi Sport Asia Team Phantom,,,,,12:32:23.646,35,1:30.643,26.611,35.956,28.076,,,,225.94 km/h,GTWC Asia - PRO-AM,1:00:07.419,Andrés PATO
3,15,Audi Sport Asia Team Phantom,,,,,12:33:56.328,36,1:32.682,26.697,37.218,28.767,,,,226.41 km/h,GTWC Asia - PRO-AM,1:01:40.101,Andrés PATO
4,29,Absolute Racing,,,,,11:35:02.356,1,2:46.129,,1:04.429,44.447,,,,,GTWC Asia - SILVER,2:46.129,Akash NANDY
4,29,Absolute Racing,,,,,11:36:41.417,2,1:39.061,30.565,39.810,28.686,,,,216.43 km/h,GTWC Asia - SILVER,4:25.190,Akash NANDY
4,29,Absolute Racing,,,,,11:38:14.980,3,1:33.563,27.385,37.386,28.792,,,,225.46 km/h,GTWC Asia - SILVER,5:58.753,Akash NANDY
4,29,Absolute Racing,,,,,11:39:55.499,4,1:40.519,28.809,40.855,30.855,,,,223.14 km/h,GTWC Asia - SILVER,7:39.272,Akash NANDY
4,29,Absolute Racing,,,,,11:42:07.733,5,2:12.234,27.294,55.983,48.957,,,,223.14 km/h,GTWC Asia - SILVER,9:51.506,Akash NANDY
4,29,Absolute Racing,,,,,11:44:48.144,6,2:40.411,40.429,1:09.919,50.063,,,,122.03 km/h,GTWC Asia - SILVER,12:31.917,Akash NANDY
4,29,Absolute Racing,,,,,11:47:18.612,7,2:30.468,40.391,1:01.781,48.296,,,,136.36 km/h,GTWC Asia - SILVER,15:02.385,Akash NANDY
4,29,Absolute Racing,,,,,11:48:51.839,8,1:33.227,27.401,37.239,28.587,,,,225.46 km/h,GTWC Asia - SILVER,16:35.612,Akash NANDY
4,29,Absolute Racing,,,,,11:50:22.468,9,1:30.629,26.636,36.030,27.963,,,,225.00 km/h,GTWC Asia - SILVER,18:06.241,Akash NANDY
4,29,Absolute Racing,,,,,11:51:52.828,10,1:30.360,26.585,35.784,27.991,,,,225.46 km/h,GTWC Asia - SILVER,19:36.601,Akash NANDY
4,29,Absolute Racing,,,,,11:53:23.339,11,1:30.511,26.649,35.680,28.182,,,,225.94 km/h,GTWC Asia - SILVER,21:07.112,Akash NANDY
4,29,Absolute Racing,,,,,11:54:53.318,12,1:29.979,26.539,35.612,27.828,,,,225.94 km/h,GTWC Asia - SILVER,22:37.091,Akash NANDY
4,29,Absolute Racing,,,,,11:56:23.115,13,1:29.797,26.513,35.584,27.700,,,,226.41 km/h,GTWC Asia - SILVER,24:06.888,Akash NANDY
4,29,Absolute Racing,,,,,11:57:53.248,14,1:30.133,26.454,35.830,27.849,,,,226.41 km/h,GTWC Asia - SILVER,25:37.021,Akash NANDY
4,29,Absolute Racing,,,,,11:59:23.036,15,1:29.788,26.349,35.677,27.762,,,,226.41 km/h,GTWC Asia - SILVER,27:06.809,Akash NANDY
4,29,Absolute Racing,,,,,12:00:52.848,16,1:29.812,26.376,35.675,27.761,,,,225.46 km/h,GTWC Asia - SILVER,28:36.621,Akash NANDY
4,29,Absolute Racing,,,TRUE,12:02:17.160,12:02:29.613,17,1:36.765,26.508,35.694,,,,,225.94 km/h,GTWC Asia - SILVER,30:13.386,Akash NANDY
4,29,Absolute Racing,TRUE,12:04:04.733,,,12:05:33.021,18,3:03.408,,36.069,27.626,,,,,GTWC Asia - SILVER,33:16.794,Akash NANDY
4,29,Absolute Racing,,,,,12:07:02.878,19,1:29.857,26.540,35.763,27.554,,,,225.94 km/h,GTWC Asia - SILVER,34:46.651,Akash NANDY
4,29,Absolute Racing,,,,,12:08:32.790,20,1:29.912,26.327,35.952,27.633,,,,226.41 km/h,GTWC Asia - SILVER,36:16.563,Akash NANDY
4,29,Absolute Racing,,,,,12:10:02.483,21,1:29.693,26.327,35.576,27.790,,,,226.41 km/h,GTWC Asia - SILVER,37:46.256,Akash NANDY
4,29,Absolute Racing,,,,,12:11:32.890,22,1:30.407,26.640,36.153,27.614,,,,226.41 km/h,GTWC Asia - SILVER,39:16.663,Akash NANDY
4,29,Absolute Racing,,,,,12:13:02.544,23,1:29.654,26.423,35.562,27.669,,,,225.94 km/h,GTWC Asia - SILVER,40:46.317,Akash NANDY
4,29,Absolute Racing,,,,,12:14:32.385,24,1:29.841,26.368,35.793,27.680,,,,225.94 km/h,GTWC Asia - SILVER,42:16.158,Akash NANDY
4,29,Absolute Racing,,,,,12:16:02.839,25,1:30.454,26.416,36.043,27.995,,,,226.89 km/h,GTWC Asia - SILVER,43:46.612,Akash NANDY
4,29,Absolute Racing,,,,,12:17:32.643,26,1:29.804,26.400,35.624,27.780,,,,225.94 km/h,GTWC Asia - SILVER,45:16.416,Akash NANDY
4,29,Absolute Racing,,,,,12:20:14.746,27,2:42.103,26.520,1:21.980,53.603,,,,225.94 km/h,GTWC Asia - SILVER,47:58.519,Akash NANDY
4,29,Absolute Racing,,,,,12:22:07.541,28,1:52.795,48.434,36.088,28.273,,,,78.94 km/h,GTWC Asia - SILVER,49:51.314,Akash NANDY
4,29,Absolute Racing,,,,,12:23:38.078,29,1:30.537,26.557,36.168,27.812,,,,225.94 km/h,GTWC Asia - SILVER,51:21.851,Akash NANDY
4,29,Absolute Racing,,,,,12:25:08.251,30,1:30.173,26.557,35.630,27.986,,,,226.89 km/h,GTWC Asia - SILVER,52:52.024,Akash NANDY
4,29,Absolute Racing,,,,,12:26:38.144,31,1:29.893,26.439,35.720,27.734,,,,227.36 km/h,GTWC Asia - SILVER,54:21.917,Akash NANDY
4,29,Absolute Racing,,,,,12:28:08.198,32,1:30.054,26.458,35.705,27.891,,,,226.89 km/h,GTWC Asia - SILVER,55:51.971,Akash NANDY
4,29,Absolute Racing,,,,,12:29:37.914,33,1:29.716,26.485,35.492,27.739,,,,227.36 km/h,GTWC Asia - SILVER,57:21.687,Akash NANDY
4,29,Absolute Racing,,,,,12:31:07.538,34,1:29.624,26.244,35.444,27.936,,,,227.36 km/h,GTWC Asia - SILVER,58:51.311,Akash NANDY
4,29,Absolute Racing,,,,,12:32:37.294,35,1:29.756,26.442,35.649,27.665,,,,226.89 km/h,GTWC Asia - SILVER,1:00:21.067,Akash NANDY
4,29,Absolute Racing,,,,,12:34:08.531,36,1:31.237,26.440,36.009,28.788,,,,227.84 km/h,GTWC Asia - SILVER,1:01:52.304,Akash NANDY
5,89,TEAM KRC,,,,,11:35:00.354,1,2:44.127,,1:05.050,54.708,,,,,GTWC Asia - PRO-AM,2:44.127,Jesse KROHN
5,89,TEAM KRC,,,,,11:36:37.226,2,1:36.872,30.914,37.873,28.085,,,,199.26 km/h,GTWC Asia - PRO-AM,4:20.999,Jesse KROHN
5,89,TEAM KRC,,,,,11:38:07.636,3,1:30.410,26.501,36.173,27.736,,,,223.60 km/h,GTWC Asia - PRO-AM,5:51.409,Jesse KROHN
5,89,TEAM KRC,,,,,11:39:45.801,4,1:38.165,28.680,40.071,29.414,,,,196.36 km/h,GTWC Asia - PRO-AM,7:29.574,Jesse KROHN
5,89,TEAM KRC,,,,,11:42:01.105,5,2:15.304,28.743,59.177,47.384,,,,197.08 km/h,GTWC Asia - PRO-AM,9:44.878,Jesse KROHN
5,89,TEAM KRC,,,,,11:44:41.476,6,2:40.371,41.828,1:10.227,48.316,,,,161.91 km/h,GTWC Asia - PRO-AM,12:25.249,Jesse KROHN
5,89,TEAM KRC,,,,,11:47:15.553,7,2:34.077,41.463,1:02.577,50.037,,,,117.39 km/h,GTWC Asia - PRO-AM,14:59.326,Jesse KROHN
5,89,TEAM KRC,,,,,11:48:46.454,8,1:30.901,26.895,36.275,27.731,,,,223.14 km/h,GTWC Asia - PRO-AM,16:30.227,Jesse KROHN
5,89,TEAM KRC,,,,,11:50:16.392,9,1:29.938,26.484,35.777,27.677,,,,224.53 km/h,GTWC Asia - PRO-AM,18:00.165,Jesse KROHN
5,89,TEAM KRC,,,,,11:51:46.133,10,1:29.741,26.381,35.753,27.607,,,,225.00 km/h,GTWC Asia - PRO-AM,19:29.906,Jesse KROHN
5,89,TEAM KRC,,,,,11:53:15.788,11,1:29.655,26.372,35.562,27.721,,,,225.00 km/h,GTWC Asia - PRO-AM,20:59.561,Jesse KROHN
5,89,TEAM KRC,,,,,11:54:45.255,12,1:29.467,26.304,35.543,27.620,,,,225.46 km/h,GTWC Asia - PRO-AM,22:29.028,Jesse KROHN
5,89,TEAM KRC,,,,,11:56:14.734,13,1:29.479,26.191,35.459,27.829,,,,225.94 km/h,GTWC Asia - PRO-AM,23:58.507,Jesse KROHN
5,89,TEAM KRC,,,,,11:57:43.977,14,1:29.243,26.152,35.483,27.608,,,,225.00 km/h,GTWC Asia - PRO-AM,25:27.750,Jesse KROHN
5,89,TEAM KRC,,,,,11:59:13.373,15,1:29.396,26.248,35.546,27.602,,,,225.46 km/h,GTWC Asia - PRO-AM,26:57.146,Jesse KROHN
5,89,TEAM KRC,,,,,12:00:42.676,16,1:29.303,26.192,35.483,27.628,,,,225.46 km/h,GTWC Asia - PRO-AM,28:26.449,Jesse KROHN
5,89,TEAM KRC,,,,,12:02:12.001,17,1:29.325,26.168,35.475,27.682,,,,225.46 km/h,GTWC Asia - PRO-AM,29:55.774,Jesse KROHN
5,89,TEAM KRC,,,,,12:03:41.449,18,1:29.448,26.248,35.479,27.721,,,,225.94 km/h,GTWC Asia - PRO-AM,31:25.222,Jesse KROHN
5,89,TEAM KRC,,,,,12:05:10.711,19,1:29.262,26.154,35.412,27.696,,,,225.94 km/h,GTWC Asia - PRO-AM,32:54.484,Jesse KROHN
5,89,TEAM KRC,,,TRUE,12:06:33.819,12:06:46.058,20,1:35.347,26.106,35.399,,,,,225.46 km/h,GTWC Asia - PRO-AM,34:29.831,Jesse KROHN
5,89,TEAM KRC,TRUE,12:08:16.978,,,12:09:48.229,21,3:02.171,,37.061,29.122,,,,,GTWC Asia - PRO-AM,37:32.002,Cunfan RUAN
5,89,TEAM KRC,,,,,12:11:19.707,22,1:31.478,27.152,36.060,28.266,,,,222.22 km/h,GTWC Asia - PRO-AM,39:03.480,Cunfan RUAN
5,89,TEAM KRC,,,,,12:12:50.431,23,1:30.724,26.733,35.847,28.144,,,,225.46 km/h,GTWC Asia - PRO-AM,40:34.204,Cunfan RUAN
5,89,TEAM KRC,,,,,12:14:21.582,24,1:31.151,26.678,36.197,28.276,,,,225.00 km/h,GTWC Asia - PRO-AM,42:05.355,Cunfan RUAN
5,89,TEAM KRC,,,,,12:15:52.504,25,1:30.922,26.731,36.006,28.185,,,,225.46 km/h,GTWC Asia - PRO-AM,43:36.277,Cunfan RUAN
5,89,TEAM KRC,,,,,12:17:23.366,26,1:30.862,26.719,35.892,28.251,,,,225.46 km/h,GTWC Asia - PRO-AM,45:07.139,Cunfan RUAN
5,89,TEAM KRC,,,,,12:19:46.629,27,2:23.263,26.978,1:03.522,52.763,,,,225.00 km/h,GTWC Asia - PRO-AM,47:30.402,Cunfan RUAN
5,89,TEAM KRC,,,,,12:21:56.025,28,2:09.396,53.155,47.463,28.778,,,,79.88 km/h,GTWC Asia - PRO-AM,49:39.798,Cunfan RUAN
5,89,TEAM KRC,,,,,12:23:28.093,29,1:32.068,27.116,36.505,28.447,,,,225.00 km/h,GTWC Asia - PRO-AM,51:11.866,Cunfan RUAN
5,89,TEAM KRC,,,,,12:24:59.777,30,1:31.684,26.958,36.154,28.572,,,,225.46 km/h,GTWC Asia - PRO-AM,52:43.550,Cunfan RUAN
5,89,TEAM KRC,,,,,12:26:31.314,31,1:31.537,26.824,36.325,28.388,,,,226.41 km/h,GTWC Asia - PRO-AM,54:15.087,Cunfan RUAN
5,89,TEAM KRC,,,,,12:28:02.936,32,1:31.622,27.157,36.234,28.231,,,,225.46 km/h,GTWC Asia - PRO-AM,55:46.709,Cunfan RUAN
5,89,TEAM KRC,,,,,12:29:34.094,33,1:31.158,26.983,35.997,28.178,,,,226.41 km/h,GTWC Asia - PRO-AM,57:17.867,Cunfan RUAN
5,89,TEAM KRC,,,,,12:31:05.291,34,1:31.197,26.766,36.407,28.024,,,,226.89 km/h,GTWC Asia - PRO-AM,58:49.064,Cunfan RUAN
5,89,TEAM KRC,,,,,12:32:36.410,35,1:31.119,26.796,36.070,28.253,,,,225.94 km/h,GTWC Asia - PRO-AM,1:00:20.183,Cunfan RUAN
5,89,TEAM KRC,,,,,12:34:08.650,36,1:32.240,26.887,36.106,29.247,,,,226.41 km/h,GTWC Asia - PRO-AM,1:01:52.423,Cunfan RUAN
6,77,Craft-Bamboo Racing,,,,,11:35:02.005,1,2:45.778,,1:04.508,46.521,,,,,GTWC Asia - SIL-AM,2:45.778,Jiatong LIANG
6,77,Craft-Bamboo Racing,,,,,11:36:40.325,2,1:38.320,30.558,38.984,28.778,,,,212.18 km/h,GTWC Asia - SIL-AM,4:24.098,Jiatong LIANG
6,77,Craft-Bamboo Racing,,,,,11:38:13.642,3,1:33.317,27.439,37.598,28.280,,,,223.14 km/h,GTWC Asia - SIL-AM,5:57.415,Jiatong LIANG
6,77,Craft-Bamboo Racing,,,,,11:39:51.638,4,1:37.996,27.790,40.816,29.390,,,,224.06 km/h,GTWC Asia - SIL-AM,7:35.411,Jiatong LIANG
6,77,Craft-Bamboo Racing,,,,,11:42:04.573,5,2:12.935,27.652,57.463,47.820,,,,216.86 km/h,GTWC Asia - SIL-AM,9:48.346,Jiatong LIANG
6,77,Craft-Bamboo Racing,,,,,11:44:45.425,6,2:40.852,41.294,1:10.268,49.290,,,,114.89 km/h,GTWC Asia - SIL-AM,12:29.198,Jiatong LIANG
6,77,Craft-Bamboo Racing,,,,,11:47:17.244,7,2:31.819,40.864,1:02.245,48.710,,,,150.20 km/h,GTWC Asia - SIL-AM,15:01.017,Jiatong LIANG
6,77,Craft-Bamboo Racing,,,,,11:48:51.069,8,1:33.825,27.342,38.284,28.199,,,,223.60 km/h,GTWC Asia - SIL-AM,16:34.842,Jiatong LIANG
6,77,Craft-Bamboo Racing,,,,,11:50:21.739,9,1:30.670,26.649,36.238,27.783,,,,224.53 km/h,GTWC Asia - SIL-AM,18:05.512,Jiatong LIANG
6,77,Craft-Bamboo Racing,,,,,11:51:51.906,10,1:30.167,26.457,35.885,27.825,,,,225.00 km/h,GTWC Asia - SIL-AM,19:35.679,Jiatong LIANG
6,77,Craft-Bamboo Racing,,,,,11:53:22.182,11,1:30.276,26.526,36.007,27.743,,,,225.94 km/h,GTWC Asia - SIL-AM,21:05.955,Jiatong LIANG
6,77,Craft-Bamboo Racing,,,,,11:54:52.233,12,1:30.051,26.363,35.871,27.817,,,,225.46 km/h,GTWC Asia - SIL-AM,22:36.006,Jiatong LIANG
6,77,Craft-Bamboo Racing,,,,,11:56:22.366,13,1:30.133,26.444,35.970,27.719,,,,225.00 km/h,GTWC Asia - SIL-AM,24:06.139,Jiatong LIANG
6,77,Craft-Bamboo Racing,,,,,11:57:52.477,14,1:30.111,26.352,36.111,27.648,,,,225.94 km/h,GTWC Asia - SIL-AM,25:36.250,Jiatong LIANG
6,77,Craft-Bamboo Racing,,,,,11:59:22.430,15,1:29.953,26.348,35.855,27.750,,,,225.94 km/h,GTWC Asia - SIL-AM,27:06.203,Jiatong LIANG
6,77,Craft-Bamboo Racing,,,,,12:00:52.230,16,1:29.800,26.278,35.910,27.612,,,,225.00 km/h,GTWC Asia - SIL-AM,28:36.003,Jiatong LIANG
6,77,Craft-Bamboo Racing,,,,,12:02:22.367,17,1:30.137,26.279,36.111,27.747,,,,225.94 km/h,GTWC Asia - SIL-AM,30:06.140,Jiatong LIANG
6,77,Craft-Bamboo Racing,,,,,12:03:52.647,18,1:30.280,26.389,36.052,27.839,,,,224.53 km/h,GTWC Asia - SIL-AM,31:36.420,Jiatong LIANG
6,77,Craft-Bamboo Racing,,,,,12:05:22.612,19,1:29.965,26.302,36.115,27.548,,,,225.46 km/h,GTWC Asia - SIL-AM,33:06.385,Jiatong LIANG
6,77,Craft-Bamboo Racing,,,TRUE,12:06:48.114,12:07:00.480,20,1:37.868,26.404,36.341,,,,,225.94 km/h,GTWC Asia - SIL-AM,34:44.253,Jiatong LIANG
6,77,Craft-Bamboo Racing,TRUE,12:08:28.767,,,12:10:01.120,21,3:00.640,,37.793,28.679,,,,,GTWC Asia - SIL-AM,37:44.893,Dean Yu Hao CHEN
6,77,Craft-Bamboo Racing,,,,,12:11:31.958,22,1:30.838,26.743,36.085,28.010,,,,224.06 km/h,GTWC Asia - SIL-AM,39:15.731,Dean Yu Hao CHEN
6,77,Craft-Bamboo Racing,,,,,12:13:01.876,23,1:29.918,26.527,35.601,27.790,,,,224.53 km/h,GTWC Asia - SIL-AM,40:45.649,Dean Yu Hao CHEN
6,77,Craft-Bamboo Racing,,,,,12:14:33.469,24,1:31.593,26.596,36.849,28.148,,,,224.53 km/h,GTWC Asia - SIL-AM,42:17.242,Dean Yu Hao CHEN
6,77,Craft-Bamboo Racing,,,,,12:16:04.169,25,1:30.700,26.525,36.126,28.049,,,,226.41 km/h,GTWC Asia - SIL-AM,43:47.942,Dean Yu Hao CHEN
6,77,Craft-Bamboo Racing,,,,,12:17:35.032,26,1:30.863,26.685,36.338,27.840,,,,225.94 km/h,GTWC Asia - SIL-AM,45:18.805,Dean Yu Hao CHEN
6,77,Craft-Bamboo Racing,,,,,12:20:22.248,27,2:47.216,29.583,1:24.571,53.062,,,,225.00 km/h,GTWC Asia - SIL-AM,48:06.021,Dean Yu Hao CHEN
6,77,Craft-Bamboo Racing,,,,,12:22:12.825,28,1:50.577,45.308,37.206,28.063,,,,79.76 km/h,GTWC Asia - SIL-AM,49:56.598,Dean Yu Hao CHEN
6,77,Craft-Bamboo Racing,,,,,12:23:43.275,29,1:30.450,26.820,35.974,27.656,,,,224.53 km/h,GTWC Asia - SIL-AM,51:27.048,Dean Yu Hao CHEN
6,77,Craft-Bamboo Racing,,,,,12:25:13.149,30,1:29.874,26.441,35.526,27.907,,,,225.46 km/h,GTWC Asia - SIL-AM,52:56.922,Dean Yu Hao CHEN
6,77,Craft-Bamboo Racing,,,,,12:26:43.235,31,1:30.086,26.796,35.685,27.605,,,,226.41 km/h,GTWC Asia - SIL-AM,54:27.008,Dean Yu Hao CHEN
6,77,Craft-Bamboo Racing,,,,,12:28:13.579,32,1:30.344,26.743,36.002,27.599,,,,224.53 km/h,GTWC Asia - SIL-AM,55:57.352,Dean Yu Hao CHEN
6,77,Craft-Bamboo Racing,,,,,12:29:43.059,33,1:29.480,26.450,35.535,27.495,,,,225.46 km/h,GTWC Asia - SIL-AM,57:26.832,Dean Yu Hao CHEN
6,77,Craft-Bamboo Racing,,,,,12:31:13.423,34,1:30.364,26.467,36.178,27.719,,,,226.41 km/h,GTWC Asia - SIL-AM,58:57.196,Dean Yu Hao CHEN
6,77,Craft-Bamboo Racing,,,,,12:32:43.198,35,1:29.775,26.390,35.699,27.686,,,,225.46 km/h,GTWC Asia - SIL-AM,1:00:26.971,Dean Yu Hao CHEN
6,77,Craft-Bamboo Racing,,,,,12:34:12.916,36,1:29.718,26.428,35.617,27.673,,,,225.94 km/h,GTWC Asia - SIL-AM,1:01:56.689,Dean Yu Hao CHEN
7,918,Absolute Racing,,,,,11:35:01.711,1,2:45.484,,1:05.603,46.942,,,,,GTWC Asia - PRO-AM,2:45.484,Klaus BACHLER
7,918,Absolute Racing,,,,,11:36:36.484,2,1:34.773,29.503,37.622,27.648,,,,212.59 km/h,GTWC Asia - PRO-AM,4:20.257,Klaus BACHLER
7,918,Absolute Racing,,,,,11:38:06.910,3,1:30.426,26.898,36.110,27.418,,,,224.53 km/h,GTWC Asia - PRO-AM,5:50.683,Klaus BACHLER
7,918,Absolute Racing,,,,,11:39:45.280,4,1:38.370,28.051,40.731,29.588,,,,218.18 km/h,GTWC Asia - PRO-AM,7:29.053,Klaus BACHLER
7,918,Absolute Racing,,,,,11:42:00.126,5,2:14.846,28.542,59.289,47.015,,,,208.89 km/h,GTWC Asia - PRO-AM,9:43.899,Klaus BACHLER
7,918,Absolute Racing,,,,,11:44:40.219,6,2:40.093,42.248,1:09.742,48.103,,,,133.49 km/h,GTWC Asia - PRO-AM,12:23.992,Klaus BACHLER
7,918,Absolute Racing,,,,,11:47:15.023,7,2:34.804,41.536,1:03.025,50.243,,,,136.19 km/h,GTWC Asia - PRO-AM,14:58.796,Klaus BACHLER
7,918,Absolute Racing,,,,,11:48:45.716,8,1:30.693,26.991,36.158,27.544,,,,225.00 km/h,GTWC Asia - PRO-AM,16:29.489,Klaus BACHLER
7,918,Absolute Racing,,,,,11:50:15.137,9,1:29.421,26.493,35.495,27.433,,,,222.68 km/h,GTWC Asia - PRO-AM,17:58.910,Klaus BACHLER
7,918,Absolute Racing,,,,,11:51:44.176,10,1:29.039,26.291,35.343,27.405,,,,222.68 km/h,GTWC Asia - PRO-AM,19:27.949,Klaus BACHLER
7,918,Absolute Racing,,,,,11:53:13.222,11,1:29.046,26.185,35.501,27.360,,,,223.14 km/h,GTWC Asia - PRO-AM,20:56.995,Klaus BACHLER
7,918,Absolute Racing,,,,,11:54:42.387,12,1:29.165,26.200,35.624,27.341,,,,223.14 km/h,GTWC Asia - PRO-AM,22:26.160,Klaus BACHLER
7,918,Absolute Racing,,,,,11:56:11.675,13,1:29.288,26.134,35.444,27.710,,,,223.60 km/h,GTWC Asia - PRO-AM,23:55.448,Klaus BACHLER
7,918,Absolute Racing,,,,,11:57:40.778,14,1:29.103,26.226,35.483,27.394,,,,223.60 km/h,GTWC Asia - PRO-AM,25:24.551,Klaus BACHLER
7,918,Absolute Racing,,,,,11:59:10.067,15,1:29.289,26.252,35.553,27.484,,,,223.60 km/h,GTWC Asia - PRO-AM,26:53.840,Klaus BACHLER
7,918,Absolute Racing,,,,,12:00:39.351,16,1:29.284,26.229,35.469,27.586,,,,223.60 km/h,GTWC Asia - PRO-AM,28:23.124,Klaus BACHLER
7,918,Absolute Racing,,,,,12:02:08.787,17,1:29.436,26.271,35.538,27.627,,,,223.60 km/h,GTWC Asia - PRO-AM,29:52.560,Klaus BACHLER
7,918,Absolute Racing,,,,,12:03:38.073,18,1:29.286,26.153,35.513,27.620,,,,224.06 km/h,GTWC Asia - PRO-AM,31:21.846,Klaus BACHLER
7,918,Absolute Racing,,,,,12:05:07.943,19,1:29.870,26.466,35.699,27.705,,,,223.60 km/h,GTWC Asia - PRO-AM,32:51.716,Klaus BACHLER
7,918,Absolute Racing,,,TRUE,12:06:31.699,12:06:44.150,20,1:36.207,26.295,35.634,,,,,223.60 km/h,GTWC Asia - PRO-AM,34:27.923,Klaus BACHLER
7,918,Absolute Racing,TRUE,12:08:12.290,,,12:09:42.507,21,2:58.357,,36.842,27.979,,,,,GTWC Asia - PRO-AM,37:26.280,Vutthikorn INTHRAPHUVASAK
7,918,Absolute Racing,,,,,12:11:12.874,22,1:30.367,26.907,35.916,27.544,,,,218.62 km/h,GTWC Asia - PRO-AM,38:56.647,Vutthikorn INTHRAPHUVASAK
7,918,Absolute Racing,,,,,12:12:43.142,23,1:30.268,26.822,35.728,27.718,,,,219.51 km/h,GTWC Asia - PRO-AM,40:26.915,Vutthikorn INTHRAPHUVASAK
7,918,Absolute Racing,,,,,12:14:12.992,24,1:29.850,26.578,35.712,27.560,,,,221.31 km/h,GTWC Asia - PRO-AM,41:56.765,Vutthikorn INTHRAPHUVASAK
7,918,Absolute Racing,,,,,12:15:43.273,25,1:30.281,26.657,35.951,27.673,,,,221.31 km/h,GTWC Asia - PRO-AM,43:27.046,Vutthikorn INTHRAPHUVASAK
7,918,Absolute Racing,,,,,12:17:13.873,26,1:30.600,26.541,36.035,28.024,,,,221.76 km/h,GTWC Asia - PRO-AM,44:57.646,Vutthikorn INTHRAPHUVASAK
7,918,Absolute Racing,,,,,12:19:25.598,27,2:11.725,26.867,51.658,53.200,,,,221.31 km/h,GTWC Asia - PRO-AM,47:09.371,Vutthikorn INTHRAPHUVASAK
7,918,Absolute Racing,,,,,12:21:49.127,28,2:23.529,53.381,1:01.684,28.464,,,,79.29 km/h,GTWC Asia - PRO-AM,49:32.900,Vutthikorn INTHRAPHUVASAK
7,918,Absolute Racing,,,,,12:23:20.402,29,1:31.275,27.056,36.523,27.696,,,,221.31 km/h,GTWC Asia - PRO-AM,51:04.175,Vutthikorn INTHRAPHUVASAK
7,918,Absolute Racing,,,,,12:24:51.231,30,1:30.829,27.269,35.938,27.622,,,,220.85 km/h,GTWC Asia - PRO-AM,52:35.004,Vutthikorn INTHRAPHUVASAK
7,918,Absolute Racing,,,,,12:26:30.809,31,1:39.578,26.852,36.267,36.459,,,,222.22 km/h,GTWC Asia - PRO-AM,54:14.582,Vutthikorn INTHRAPHUVASAK
7,918,Absolute Racing,,,,,12:28:01.394,32,1:30.585,26.977,35.759,27.849,,,,220.40 km/h,GTWC Asia - PRO-AM,55:45.167,Vutthikorn INTHRAPHUVASAK
7,918,Absolute Racing,,,,,12:29:32.081,33,1:30.687,26.638,35.866,28.183,,,,222.22 km/h,GTWC Asia - PRO-AM,57:15.854,Vutthikorn INTHRAPHUVASAK
7,918,Absolute Racing,,,,,12:31:04.135,34,1:32.054,26.528,35.769,29.757,,,,222.68 km/h,GTWC Asia - PRO-AM,58:47.908,Vutthikorn INTHRAPHUVASAK
7,918,Absolute Racing,,,,,12:32:35.600,35,1:31.465,27.048,36.274,28.143,,,,222.22 km/h,GTWC Asia - PRO-AM,1:00:19.373,Vutthikorn INTHRAPHUVASAK
7,918,Absolute Racing,,,,,12:34:07.931,36,1:32.331,26.709,36.802,28.820,,,,222.22 km/h,GTWC Asia - PRO-AM,1:01:51.704,Vutthikorn INTHRAPHUVASAK
8,96,Winhere Harmony Racing,,,,,11:35:00.651,1,2:44.424,,1:04.967,53.455,,,,,GTWC Asia - SILVER,2:44.424,Kaishun LIU
8,96,Winhere Harmony Racing,,,,,11:36:34.898,2,1:34.247,29.629,36.756,27.862,,,,203.77 km/h,GTWC Asia - SILVER,4:18.671,Kaishun LIU
8,96,Winhere Harmony Racing,,,,,11:38:04.871,3,1:29.973,26.495,35.668,27.810,,,,225.00 km/h,GTWC Asia - SILVER,5:48.644,Kaishun LIU
8,96,Winhere Harmony Racing,,,,,11:39:42.128,4,1:37.257,27.714,40.737,28.806,,,,223.60 km/h,GTWC Asia - SILVER,7:25.901,Kaishun LIU
8,96,Winhere Harmony Racing,,,,,11:41:58.024,5,2:15.896,27.392,1:01.159,47.345,,,,219.06 km/h,GTWC Asia - SILVER,9:41.797,Kaishun LIU
8,96,Winhere Harmony Racing,,,,,11:44:38.064,6,2:40.040,42.018,1:10.577,47.445,,,,153.40 km/h,GTWC Asia - SILVER,12:21.837,Kaishun LIU
8,96,Winhere Harmony Racing,,,,,11:47:14.488,7,2:36.424,42.367,1:02.969,51.088,,,,139.17 km/h,GTWC Asia - SILVER,14:58.261,Kaishun LIU
8,96,Winhere Harmony Racing,,,,,11:48:46.234,8,1:31.746,27.272,35.974,28.500,,,,212.59 km/h,GTWC Asia - SILVER,16:30.007,Kaishun LIU
8,96,Winhere Harmony Racing,,,,,11:50:15.981,9,1:29.747,26.454,35.649,27.644,,,,224.53 km/h,GTWC Asia - SILVER,17:59.754,Kaishun LIU
8,96,Winhere Harmony Racing,,,,,11:51:45.822,10,1:29.841,26.571,35.649,27.621,,,,224.53 km/h,GTWC Asia - SILVER,19:29.595,Kaishun LIU
8,96,Winhere Harmony Racing,,,,,11:53:15.442,11,1:29.620,26.235,35.445,27.940,,,,225.00 km/h,GTWC Asia - SILVER,20:59.215,Kaishun LIU
8,96,Winhere Harmony Racing,,,,,11:54:44.929,12,1:29.487,26.181,35.598,27.708,,,,223.60 km/h,GTWC Asia - SILVER,22:28.702,Kaishun LIU
8,96,Winhere Harmony Racing,,,,,11:56:14.187,13,1:29.258,26.144,35.302,27.812,,,,223.60 km/h,GTWC Asia - SILVER,23:57.960,Kaishun LIU
8,96,Winhere Harmony Racing,,,,,11:57:43.454,14,1:29.267,26.214,35.354,27.699,,,,224.53 km/h,GTWC Asia - SILVER,25:27.227,Kaishun LIU
8,96,Winhere Harmony Racing,,,,,11:59:12.760,15,1:29.306,26.255,35.521,27.530,,,,224.06 km/h,GTWC Asia - SILVER,26:56.533,Kaishun LIU
8,96,Winhere Harmony Racing,,,,,12:00:41.975,16,1:29.215,26.101,35.479,27.635,,,,224.53 km/h,GTWC Asia - SILVER,28:25.748,Kaishun LIU
8,96,Winhere Harmony Racing,,,,,12:02:11.283,17,1:29.308,26.104,35.447,27.757,,,,225.94 km/h,GTWC Asia - SILVER,29:55.056,Kaishun LIU
8,96,Winhere Harmony Racing,,,,,12:03:40.578,18,1:29.295,26.168,35.390,27.737,,,,224.53 km/h,GTWC Asia - SILVER,31:24.351,Kaishun LIU
8,96,Winhere Harmony Racing,,,TRUE,12:05:04.119,12:05:16.417,19,1:35.839,26.188,35.597,,,,,225.00 km/h,GTWC Asia - SILVER,33:00.190,Kaishun LIU
8,96,Winhere Harmony Racing,TRUE,12:06:45.036,,,12:08:14.876,20,2:58.459,,36.661,27.592,,,,,GTWC Asia - SILVER,35:58.649,Yi DENG
8,96,Winhere Harmony Racing,,,,,12:09:47.650,21,1:32.774,27.268,37.182,28.324,,,,221.31 km/h,GTWC Asia - SILVER,37:31.423,Yi DENG
8,96,Winhere Harmony Racing,,,,,12:11:17.090,22,1:29.440,26.313,35.635,27.492,,,,222.68 km/h,GTWC Asia - SILVER,39:00.863,Yi DENG
8,96,Winhere Harmony Racing,,,,,12:12:46.215,23,1:29.125,26.278,35.434,27.413,,,,223.14 km/h,GTWC Asia - SILVER,40:29.988,Yi DENG
8,96,Winhere Harmony Racing,,,,,12:14:16.051,24,1:29.836,26.210,35.766,27.860,,,,223.14 km/h,GTWC Asia - SILVER,41:59.824,Yi DENG
8,96,Winhere Harmony Racing,,,TRUE,12:15:40.668,12:15:53.188,25,1:37.137,26.390,36.005,,,,,223.14 km/h,GTWC Asia - SILVER,43:36.961,Yi DENG
8,96,Winhere Harmony Racing,TRUE,12:16:19.034,,,12:17:46.793,26,1:53.605,,35.583,27.861,,,,,GTWC Asia - SILVER,45:30.566,Yi DENG
8,96,Winhere Harmony Racing,,,,,12:20:41.988,27,2:55.195,37.249,1:24.482,53.464,,,,221.76 km/h,GTWC Asia - SILVER,48:25.761,Yi DENG
8,96,Winhere Harmony Racing,,,,,12:22:21.469,28,1:39.481,35.639,36.139,27.703,,,,151.04 km/h,GTWC Asia - SILVER,50:05.242,Yi DENG
8,96,Winhere Harmony Racing,,,,,12:23:50.570,29,1:29.101,26.240,35.352,27.509,,,,222.68 km/h,GTWC Asia - SILVER,51:34.343,Yi DENG
8,96,Winhere Harmony Racing,,,,,12:25:20.075,30,1:29.505,26.279,35.517,27.709,,,,222.68 km/h,GTWC Asia - SILVER,53:03.848,Yi DENG
8,96,Winhere Harmony Racing,,,,,12:26:49.038,31,1:28.963,26.143,35.491,27.329,,,,223.14 km/h,GTWC Asia - SILVER,54:32.811,Yi DENG
8,96,Winhere Harmony Racing,,,,,12:28:17.969,32,1:28.931,26.050,35.487,27.394,,,,223.14 km/h,GTWC Asia - SILVER,56:01.742,Yi DENG
8,96,Winhere Harmony Racing,,,,,12:29:46.775,33,1:28.806,25.983,35.406,27.417,,,,224.53 km/h,GTWC Asia - SILVER,57:30.548,Yi DENG
8,96,Winhere Harmony Racing,,,,,12:31:15.261,34,1:28.486,25.946,35.215,27.325,,,,225.00 km/h,GTWC Asia - SILVER,58:59.034,Yi DENG
8,96,Winhere Harmony Racing,,,,,12:32:44.084,35,1:28.823,25.928,35.393,27.502,,,,224.53 km/h,GTWC Asia - SILVER,1:00:27.857,Yi DENG
8,96,Winhere Harmony Racing,,,,,12:34:13.516,36,1:29.432,26.065,35.727,27.640,,,,225.46 km/h,GTWC Asia - SILVER,1:01:57.289,Yi DENG
9,4,Origine Motorsport,,,,,11:35:01.097,1,2:44.870,,1:05.024,51.625,,,,,GTWC Asia - PRO-AM,2:44.870,Alessio PICARIELLO
9,4,Origine Motorsport,,,,,11:36:33.740,2,1:32.643,29.069,36.169,27.405,,,,210.93 km/h,GTWC Asia - PRO-AM,4:17.513,Alessio PICARIELLO
9,4,Origine Motorsport,,,,,11:38:03.341,3,1:29.601,26.449,35.654,27.498,,,,220.85 km/h,GTWC Asia - PRO-AM,5:47.114,Alessio PICARIELLO
9,4,Origine Motorsport,,,,,11:39:40.483,4,1:37.142,28.409,40.284,28.449,,,,220.85 km/h,GTWC Asia - PRO-AM,7:24.256,Alessio PICARIELLO
9,4,Origine Motorsport,,,,,11:41:57.522,5,2:17.039,27.973,1:01.642,47.424,,,,215.56 km/h,GTWC Asia - PRO-AM,9:41.295,Alessio PICARIELLO
9,4,Origine Motorsport,,,,,11:44:37.343,6,2:39.821,41.926,1:10.346,47.549,,,,179.70 km/h,GTWC Asia - PRO-AM,12:21.116,Alessio PICARIELLO
9,4,Origine Motorsport,,,,,11:47:13.606,7,2:36.263,42.357,1:03.266,50.640,,,,116.37 km/h,GTWC Asia - PRO-AM,14:57.379,Alessio PICARIELLO
9,4,Origine Motorsport,,,,,11:48:43.622,8,1:30.016,26.646,35.771,27.599,,,,219.51 km/h,GTWC Asia - PRO-AM,16:27.395,Alessio PICARIELLO
9,4,Origine Motorsport,,,,,11:50:13.031,9,1:29.409,26.296,35.627,27.486,,,,221.31 km/h,GTWC Asia - PRO-AM,17:56.804,Alessio PICARIELLO
9,4,Origine Motorsport,,,,,11:51:42.077,10,1:29.046,26.299,35.430,27.317,,,,221.76 km/h,GTWC Asia - PRO-AM,19:25.850,Alessio PICARIELLO
9,4,Origine Motorsport,,,,,11:53:11.245,11,1:29.168,26.187,35.586,27.395,,,,221.31 km/h,GTWC Asia - PRO-AM,20:55.018,Alessio PICARIELLO
9,4,Origine Motorsport,,,,,11:54:40.409,12,1:29.164,26.239,35.488,27.437,,,,222.22 km/h,GTWC Asia - PRO-AM,22:24.182,Alessio PICARIELLO
9,4,Origine Motorsport,,,,,11:56:09.698,13,1:29.289,26.279,35.551,27.459,,,,222.22 km/h,GTWC Asia - PRO-AM,23:53.471,Alessio PICARIELLO
9,4,Origine Motorsport,,,,,11:57:38.981,14,1:29.283,26.294,35.575,27.414,,,,222.22 km/h,GTWC Asia - PRO-AM,25:22.754,Alessio PICARIELLO
9,4,Origine Motorsport,,,,,11:59:08.145,15,1:29.164,26.169,35.607,27.388,,,,221.31 km/h,GTWC Asia - PRO-AM,26:51.918,Alessio PICARIELLO
9,4,Origine Motorsport,,,,,12:00:37.247,16,1:29.102,26.180,35.600,27.322,,,,221.31 km/h,GTWC Asia - PRO-AM,28:21.020,Alessio PICARIELLO
9,4,Origine Motorsport,,,,,12:02:06.508,17,1:29.261,26.177,35.659,27.425,,,,221.76 km/h,GTWC Asia - PRO-AM,29:50.281,Alessio PICARIELLO
9,4,Origine Motorsport,,,,,12:03:35.863,18,1:29.355,26.256,35.628,27.471,,,,221.76 km/h,GTWC Asia - PRO-AM,31:19.636,Alessio PICARIELLO
9,4,Origine Motorsport,,,,,12:05:05.234,19,1:29.371,26.232,35.641,27.498,,,,222.22 km/h,GTWC Asia - PRO-AM,32:49.007,Alessio PICARIELLO
9,4,Origine Motorsport,,,TRUE,12:06:28.753,12:06:41.236,20,1:36.002,26.194,35.732,,,,,222.68 km/h,GTWC Asia - PRO-AM,34:25.009,Alessio PICARIELLO
9,4,Origine Motorsport,TRUE,12:08:09.699,,,12:09:38.766,21,2:57.530,,36.536,28.050,,,,,GTWC Asia - PRO-AM,37:22.539,Wei LU
9,4,Origine Motorsport,,,,,12:11:09.639,22,1:30.873,26.896,36.157,27.820,,,,220.40 km/h,GTWC Asia - PRO-AM,38:53.412,Wei LU
9,4,Origine Motorsport,,,,,12:12:40.439,23,1:30.800,26.809,36.099,27.892,,,,220.40 km/h,GTWC Asia - PRO-AM,40:24.212,Wei LU
9,4,Origine Motorsport,,,,,12:14:11.179,24,1:30.740,26.798,36.148,27.794,,,,220.40 km/h,GTWC Asia - PRO-AM,41:54.952,Wei LU
9,4,Origine Motorsport,,,,,12:15:41.945,25,1:30.766,26.722,36.190,27.854,,,,222.22 km/h,GTWC Asia - PRO-AM,43:25.718,Wei LU
9,4,Origine Motorsport,,,,,12:17:12.708,26,1:30.763,26.605,36.141,28.017,,,,221.76 km/h,GTWC Asia - PRO-AM,44:56.481,Wei LU
9,4,Origine Motorsport,,,,,12:19:24.453,27,2:11.745,26.769,51.754,53.222,,,,220.40 km/h,GTWC Asia - PRO-AM,47:08.226,Wei LU
9,4,Origine Motorsport,,,,,12:21:46.569,28,2:22.116,53.177,1:00.986,27.953,,,,79.58 km/h,GTWC Asia - PRO-AM,49:30.342,Wei LU
9,4,Origine Motorsport,,,,,12:23:18.023,29,1:31.454,27.060,36.416,27.978,,,,219.95 km/h,GTWC Asia - PRO-AM,51:01.796,Wei LU
9,4,Origine Motorsport,,,,,12:24:49.456,30,1:31.433,26.889,36.244,28.300,,,,219.51 km/h,GTWC Asia - PRO-AM,52:33.229,Wei LU
9,4,Origine Motorsport,,,,,12:26:24.966,31,1:35.510,27.554,37.212,30.744,,,,221.31 km/h,GTWC Asia - PRO-AM,54:08.739,Wei LU
9,4,Origine Motorsport,,,,,12:27:57.436,32,1:32.470,27.003,37.151,28.316,,,,220.40 km/h,GTWC Asia - PRO-AM,55:41.209,Wei LU
9,4,Origine Motorsport,,,,,12:29:28.992,33,1:31.556,26.999,36.488,28.069,,,,220.40 km/h,GTWC Asia - PRO-AM,57:12.765,Wei LU
9,4,Origine Motorsport,,,TRUE,12:30:54.292,12:31:06.801,34,1:37.809,26.818,36.126,,,,,220.40 km/h,GTWC Asia - PRO-AM,58:50.574,Wei LU
9,4,Origine Motorsport,TRUE,12:31:32.977,,,12:33:01.739,35,1:54.938,,36.298,28.016,,,,,GTWC Asia - PRO-AM,1:00:45.512,Wei LU
9,4,Origine Motorsport,,,,,12:34:32.691,36,1:30.952,26.635,36.201,28.116,,,,220.40 km/h,GTWC Asia - PRO-AM,1:02:16.464,Wei LU
10,500,TEAM 5ZIGEN,,,,,11:35:04.294,1,2:48.067,,1:03.521,41.531,,,,,GTWC Asia - SILVER,2:48.067,Kimiya SATO
10,500,TEAM 5ZIGEN,,,,,11:36:40.824,2,1:36.530,29.211,38.695,28.624,,,,223.14 km/h,GTWC Asia - SILVER,4:24.597,Kimiya SATO
10,500,TEAM 5ZIGEN,,,,,11:38:14.341,3,1:33.517,27.306,37.476,28.735,,,,227.84 km/h,GTWC Asia - SILVER,5:58.114,Kimiya SATO
10,500,TEAM 5ZIGEN,,,,,11:39:52.216,4,1:37.875,27.483,41.155,29.237,,,,224.53 km/h,GTWC Asia - SILVER,7:35.989,Kimiya SATO
10,500,TEAM 5ZIGEN,,,,,11:42:05.302,5,2:13.086,27.762,57.259,48.065,,,,222.22 km/h,GTWC Asia - SILVER,9:49.075,Kimiya SATO
10,500,TEAM 5ZIGEN,,,,,11:44:46.367,6,2:41.065,41.440,1:10.174,49.451,,,,120.94 km/h,GTWC Asia - SILVER,12:30.140,Kimiya SATO
10,500,TEAM 5ZIGEN,,,,,11:47:17.761,7,2:31.394,40.488,1:02.585,48.321,,,,162.40 km/h,GTWC Asia - SILVER,15:01.534,Kimiya SATO
10,500,TEAM 5ZIGEN,,,,,11:48:52.828,8,1:35.067,27.241,38.540,29.286,,,,225.46 km/h,GTWC Asia - SILVER,16:36.601,Kimiya SATO
10,500,TEAM 5ZIGEN,,,,,11:50:23.165,9,1:30.337,26.664,35.795,27.878,,,,224.06 km/h,GTWC Asia - SILVER,18:06.938,Kimiya SATO
10,500,TEAM 5ZIGEN,,,,,11:51:53.361,10,1:30.196,26.704,35.739,27.753,,,,225.94 km/h,GTWC Asia - SILVER,19:37.134,Kimiya SATO
10,500,TEAM 5ZIGEN,,,,,11:53:23.894,11,1:30.533,26.807,35.633,28.093,,,,227.36 km/h,GTWC Asia - SILVER,21:07.667,Kimiya SATO
10,500,TEAM 5ZIGEN,,,,,11:54:54.471,12,1:30.577,27.233,35.608,27.736,,,,227.36 km/h,GTWC Asia - SILVER,22:38.244,Kimiya SATO
10,500,TEAM 5ZIGEN,,,,,11:56:24.485,13,1:30.014,26.519,35.676,27.819,,,,225.46 km/h,GTWC Asia - SILVER,24:08.258,Kimiya SATO
10,500,TEAM 5ZIGEN,,,,,11:57:54.269,14,1:29.784,26.598,35.567,27.619,,,,226.89 km/h,GTWC Asia - SILVER,25:38.042,Kimiya SATO
10,500,TEAM 5ZIGEN,,,,,11:59:24.145,15,1:29.876,26.444,35.679,27.753,,,,226.41 km/h,GTWC Asia - SILVER,27:07.918,Kimiya SATO
10,500,TEAM 5ZIGEN,,,,,12:00:53.946,16,1:29.801,26.465,35.631,27.705,,,,226.41 km/h,GTWC Asia - SILVER,28:37.719,Kimiya SATO
10,500,TEAM 5ZIGEN,,,TRUE,12:02:18.279,12:02:30.865,17,1:36.919,26.416,35.652,,,,,226.89 km/h,GTWC Asia - SILVER,30:14.638,Kimiya SATO
10,500,TEAM 5ZIGEN,TRUE,12:03:58.526,,,12:05:28.728,18,2:57.863,,36.529,27.802,,,,,GTWC Asia - SILVER,33:12.501,Takayuki AOKI
10,500,TEAM 5ZIGEN,,,,,12:06:59.821,19,1:31.093,26.646,36.740,27.707,,,,223.60 km/h,GTWC Asia - SILVER,34:43.594,Takayuki AOKI
10,500,TEAM 5ZIGEN,,,,,12:08:29.437,20,1:29.616,26.524,35.521,27.571,,,,226.41 km/h,GTWC Asia - SILVER,36:13.210,Takayuki AOKI
10,500,TEAM 5ZIGEN,,,,,12:09:59.274,21,1:29.837,26.456,35.698,27.683,,,,226.41 km/h,GTWC Asia - SILVER,37:43.047,Takayuki AOKI
10,500,TEAM 5ZIGEN,,,,,12:11:28.850,22,1:29.576,26.487,35.368,27.721,,,,226.41 km/h,GTWC Asia - SILVER,39:12.623,Takayuki AOKI
10,500,TEAM 5ZIGEN,,,,,12:12:58.733,23,1:29.883,26.415,35.616,27.852,,,,226.89 km/h,GTWC Asia - SILVER,40:42.506,Takayuki AOKI
10,500,TEAM 5ZIGEN,,,,,12:14:52.142,24,1:53.409,26.914,58.238,28.257,,,,228.32 km/h,GTWC Asia - SILVER,42:35.915,Takayuki AOKI
10,500,TEAM 5ZIGEN,,,,,12:16:23.038,25,1:30.896,26.778,36.139,27.979,,,,225.00 km/h,GTWC Asia - SILVER,44:06.811,Takayuki AOKI
10,500,TEAM 5ZIGEN,,,,,12:17:53.733,26,1:30.695,26.811,35.743,28.141,,,,225.00 km/h,GTWC Asia - SILVER,45:37.506,Takayuki AOKI
10,500,TEAM 5ZIGEN,,,,,12:20:54.238,27,3:00.505,44.168,1:24.069,52.268,,,,96.17 km/h,GTWC Asia - SILVER,48:38.011,Takayuki AOKI
10,500,TEAM 5ZIGEN,,,,,12:22:28.100,28,1:33.862,28.219,36.396,29.247,,,,211.35 km/h,GTWC Asia - SILVER,50:11.873,Takayuki AOKI
10,500,TEAM 5ZIGEN,,,,,12:23:59.479,29,1:31.379,27.068,36.216,28.095,,,,225.94 km/h,GTWC Asia - SILVER,51:43.252,Takayuki AOKI
10,500,TEAM 5ZIGEN,,,,,12:25:30.035,30,1:30.556,26.592,36.045,27.919,,,,226.89 km/h,GTWC Asia - SILVER,53:13.808,Takayuki AOKI
10,500,TEAM 5ZIGEN,,,,,12:27:00.306,31,1:30.271,26.545,35.874,27.852,,,,226.41 km/h,GTWC Asia - SILVER,54:44.079,Takayuki AOKI
10,500,TEAM 5ZIGEN,,,,,12:28:31.328,32,1:31.022,26.801,36.056,28.165,,,,225.94 km/h,GTWC Asia - SILVER,56:15.101,Takayuki AOKI
10,500,TEAM 5ZIGEN,,,,,12:30:01.964,33,1:30.636,26.629,35.987,28.020,,,,226.41 km/h,GTWC Asia - SILVER,57:45.737,Takayuki AOKI
10,500,TEAM 5ZIGEN,,,,,12:31:32.193,34,1:30.229,26.472,35.736,28.021,,,,227.84 km/h,GTWC Asia - SILVER,59:15.966,Takayuki AOKI
10,500,TEAM 5ZIGEN,,,,,12:33:03.299,35,1:31.106,26.636,36.179,28.291,,,,226.89 km/h,GTWC Asia - SILVER,1:00:47.072,Takayuki AOKI
10,500,TEAM 5ZIGEN,,,,,12:34:34.323,36,1:31.024,26.654,36.038,28.332,,,,225.46 km/h,GTWC Asia - SILVER,1:02:18.096,Takayuki AOKI
11,16,FAW Audi Sport Asia Team Phantom,,,,,11:35:01.618,1,2:45.391,,1:05.472,48.597,,,,,GTWC Asia - SILVER,2:45.391,Kuai YU
11,16,FAW Audi Sport Asia Team Phantom,,,,,11:36:42.043,2,1:40.425,30.145,39.046,31.234,,,,189.80 km/h,GTWC Asia - SILVER,4:25.816,Kuai YU
11,16,FAW Audi Sport Asia Team Phantom,,,,,11:38:15.644,3,1:33.601,27.037,37.258,29.306,,,,226.89 km/h,GTWC Asia - SILVER,5:59.417,Kuai YU
11,16,FAW Audi Sport Asia Team Phantom,,,,,11:39:56.588,4,1:40.944,28.766,42.173,30.005,,,,219.51 km/h,GTWC Asia - SILVER,7:40.361,Kuai YU
11,16,FAW Audi Sport Asia Team Phantom,,,,,11:42:08.485,5,2:11.897,27.640,55.680,48.577,,,,222.68 km/h,GTWC Asia - SILVER,9:52.258,Kuai YU
11,16,FAW Audi Sport Asia Team Phantom,,,,,11:44:48.924,6,2:40.439,40.374,1:10.092,49.973,,,,124.28 km/h,GTWC Asia - SILVER,12:32.697,Kuai YU
11,16,FAW Audi Sport Asia Team Phantom,,,,,11:47:18.805,7,2:29.881,40.500,1:01.868,47.513,,,,123.28 km/h,GTWC Asia - SILVER,15:02.578,Kuai YU
11,16,FAW Audi Sport Asia Team Phantom,,,,,11:48:52.146,8,1:33.341,27.509,37.087,28.745,,,,227.36 km/h,GTWC Asia - SILVER,16:35.919,Kuai YU
11,16,FAW Audi Sport Asia Team Phantom,,,,,11:50:22.839,9,1:30.693,26.604,36.038,28.051,,,,226.89 km/h,GTWC Asia - SILVER,18:06.612,Kuai YU
11,16,FAW Audi Sport Asia Team Phantom,,,,,11:51:53.013,10,1:30.174,26.638,35.630,27.906,,,,227.84 km/h,GTWC Asia - SILVER,19:36.786,Kuai YU
11,16,FAW Audi Sport Asia Team Phantom,,,,,11:53:23.690,11,1:30.677,26.830,35.632,28.215,,,,225.94 km/h,GTWC Asia - SILVER,21:07.463,Kuai YU
11,16,FAW Audi Sport Asia Team Phantom,,,,,11:54:53.852,12,1:30.162,26.972,35.527,27.663,,,,223.60 km/h,GTWC Asia - SILVER,22:37.625,Kuai YU
11,16,FAW Audi Sport Asia Team Phantom,,,,,11:56:23.446,13,1:29.594,26.268,35.646,27.680,,,,227.36 km/h,GTWC Asia - SILVER,24:07.219,Kuai YU
11,16,FAW Audi Sport Asia Team Phantom,,,,,11:57:53.528,14,1:30.082,26.388,35.941,27.753,,,,225.46 km/h,GTWC Asia - SILVER,25:37.301,Kuai YU
11,16,FAW Audi Sport Asia Team Phantom,,,TRUE,11:59:17.700,11:59:31.587,15,1:38.059,26.448,35.765,,,,,227.84 km/h,GTWC Asia - SILVER,27:15.360,Kuai YU
11,16,FAW Audi Sport Asia Team Phantom,TRUE,12:01:24.885,,,12:02:55.018,16,3:23.431,,36.823,28.280,,,,,GTWC Asia - SILVER,30:38.791,Congfu CHENG
11,16,FAW Audi Sport Asia Team Phantom,,,,,12:04:25.407,17,1:30.389,26.671,35.874,27.844,,,,224.06 km/h,GTWC Asia - SILVER,32:09.180,Congfu CHENG
11,16,FAW Audi Sport Asia Team Phantom,,,,,12:05:55.013,18,1:29.606,26.554,35.471,27.581,,,,225.46 km/h,GTWC Asia - SILVER,33:38.786,Congfu CHENG
11,16,FAW Audi Sport Asia Team Phantom,,,,,12:07:24.855,19,1:29.842,26.510,35.473,27.859,,,,224.53 km/h,GTWC Asia - SILVER,35:08.628,Congfu CHENG
11,16,FAW Audi Sport Asia Team Phantom,,,,,12:08:54.390,20,1:29.535,26.387,35.423,27.725,,,,225.94 km/h,GTWC Asia - SILVER,36:38.163,Congfu CHENG
11,16,FAW Audi Sport Asia Team Phantom,,,,,12:10:24.211,21,1:29.821,26.321,35.471,28.029,,,,225.46 km/h,GTWC Asia - SILVER,38:07.984,Congfu CHENG
11,16,FAW Audi Sport Asia Team Phantom,,,,,12:11:54.360,22,1:30.149,26.344,35.654,28.151,,,,225.46 km/h,GTWC Asia - SILVER,39:38.133,Congfu CHENG
11,16,FAW Audi Sport Asia Team Phantom,,,,,12:13:24.935,23,1:30.575,26.493,36.191,27.891,,,,226.89 km/h,GTWC Asia - SILVER,41:08.708,Congfu CHENG
11,16,FAW Audi Sport Asia Team Phantom,,,,,12:14:55.348,24,1:30.413,26.412,35.751,28.250,,,,225.46 km/h,GTWC Asia - SILVER,42:39.121,Congfu CHENG
11,16,FAW Audi Sport Asia Team Phantom,,,,,12:16:28.253,25,1:32.905,26.716,36.593,29.596,,,,227.84 km/h,GTWC Asia - SILVER,44:12.026,Congfu CHENG
11,16,FAW Audi Sport Asia Team Phantom,,,,,12:17:59.647,26,1:31.394,26.919,36.416,28.059,,,,226.41 km/h,GTWC Asia - SILVER,45:43.420,Congfu CHENG
11,16,FAW Audi Sport Asia Team Phantom,,,,,12:21:03.221,27,3:03.574,50.936,1:24.595,48.043,,,,79.58 km/h,GTWC Asia - SILVER,48:46.994,Congfu CHENG
11,16,FAW Audi Sport Asia Team Phantom,,,,,12:22:33.652,28,1:30.431,26.607,35.863,27.961,,,,223.60 km/h,GTWC Asia - SILVER,50:17.425,Congfu CHENG
11,16,FAW Audi Sport Asia Team Phantom,,,,,12:24:04.009,29,1:30.357,26.675,35.668,28.014,,,,226.41 km/h,GTWC Asia - SILVER,51:47.782,Congfu CHENG
11,16,FAW Audi Sport Asia Team Phantom,,,,,12:25:35.105,30,1:31.096,26.612,36.368,28.116,,,,226.89 km/h,GTWC Asia - SILVER,53:18.878,Congfu CHENG
11,16,FAW Audi Sport Asia Team Phantom,,,,,12:27:04.788,31,1:29.683,26.331,35.514,27.838,,,,226.41 km/h,GTWC Asia - SILVER,54:48.561,Congfu CHENG
11,16,FAW Audi Sport Asia Team Phantom,,,,,12:28:34.159,32,1:29.371,26.208,35.377,27.786,,,,226.89 km/h,GTWC Asia - SILVER,56:17.932,Congfu CHENG
11,16,FAW Audi Sport Asia Team Phantom,,,,,12:30:03.303,33,1:29.144,26.118,35.368,27.658,,,,227.36 km/h,GTWC Asia - SILVER,57:47.076,Congfu CHENG
11,16,FAW Audi Sport Asia Team Phantom,,,,,12:31:32.913,34,1:29.610,26.311,35.532,27.767,,,,228.32 km/h,GTWC Asia - SILVER,59:16.686,Congfu CHENG
11,16,FAW Audi Sport Asia Team Phantom,,,,,12:33:03.691,35,1:30.778,26.384,35.969,28.425,,,,227.84 km/h,GTWC Asia - SILVER,1:00:47.464,Congfu CHENG
11,16,FAW Audi Sport Asia Team Phantom,,,,,12:34:34.444,36,1:30.753,26.614,35.918,28.221,,,,225.94 km/h,GTWC Asia - SILVER,1:02:18.217,Congfu CHENG
12,72,Winhere Harmony Racing,,,,,11:35:00.601,1,2:44.374,,1:05.018,54.309,,,,,GTWC Asia - PRO-AM,2:44.374,Brendon LEITCH
12,72,Winhere Harmony Racing,,,,,11:36:35.747,2,1:35.146,30.059,36.931,28.156,,,,206.50 km/h,GTWC Asia - PRO-AM,4:19.520,Brendon LEITCH
12,72,Winhere Harmony Racing,,,,,11:38:05.443,3,1:29.696,26.503,35.603,27.590,,,,225.46 km/h,GTWC Asia - PRO-AM,5:49.216,Brendon LEITCH
12,72,Winhere Harmony Racing,,,,,11:39:43.206,4,1:37.763,27.760,40.978,29.025,,,,224.06 km/h,GTWC Asia - PRO-AM,7:26.979,Brendon LEITCH
12,72,Winhere Harmony Racing,,,,,11:41:58.826,5,2:15.620,27.166,1:00.913,47.541,,,,216.43 km/h,GTWC Asia - PRO-AM,9:42.599,Brendon LEITCH
12,72,Winhere Harmony Racing,,,,,11:44:39.032,6,2:40.206,41.897,1:10.595,47.714,,,,154.94 km/h,GTWC Asia - PRO-AM,12:22.805,Brendon LEITCH
12,72,Winhere Harmony Racing,,,,,11:47:14.481,7,2:35.449,42.007,1:03.037,50.405,,,,134.32 km/h,GTWC Asia - PRO-AM,14:58.254,Brendon LEITCH
12,72,Winhere Harmony Racing,,,,,11:48:44.379,8,1:29.898,26.795,35.654,27.449,,,,221.76 km/h,GTWC Asia - PRO-AM,16:28.152,Brendon LEITCH
12,72,Winhere Harmony Racing,,,,,11:50:13.703,9,1:29.324,26.229,35.615,27.480,,,,224.06 km/h,GTWC Asia - PRO-AM,17:57.476,Brendon LEITCH
12,72,Winhere Harmony Racing,,,,,11:51:42.801,10,1:29.098,26.127,35.471,27.500,,,,223.60 km/h,GTWC Asia - PRO-AM,19:26.574,Brendon LEITCH
12,72,Winhere Harmony Racing,,,,,11:53:11.993,11,1:29.192,26.231,35.463,27.498,,,,225.00 km/h,GTWC Asia - PRO-AM,20:55.766,Brendon LEITCH
12,72,Winhere Harmony Racing,,,,,11:54:41.162,12,1:29.169,26.152,35.483,27.534,,,,225.00 km/h,GTWC Asia - PRO-AM,22:24.935,Brendon LEITCH
12,72,Winhere Harmony Racing,,,,,11:56:10.680,13,1:29.518,26.292,35.676,27.550,,,,225.46 km/h,GTWC Asia - PRO-AM,23:54.453,Brendon LEITCH
12,72,Winhere Harmony Racing,,,,,11:57:40.071,14,1:29.391,26.195,35.666,27.530,,,,225.46 km/h,GTWC Asia - PRO-AM,25:23.844,Brendon LEITCH
12,72,Winhere Harmony Racing,,,,,11:59:09.524,15,1:29.453,26.220,35.581,27.652,,,,224.53 km/h,GTWC Asia - PRO-AM,26:53.297,Brendon LEITCH
12,72,Winhere Harmony Racing,,,,,12:00:38.944,16,1:29.420,26.189,35.650,27.581,,,,224.53 km/h,GTWC Asia - PRO-AM,28:22.717,Brendon LEITCH
12,72,Winhere Harmony Racing,,,,,12:02:08.204,17,1:29.260,26.227,35.604,27.429,,,,225.00 km/h,GTWC Asia - PRO-AM,29:51.977,Brendon LEITCH
12,72,Winhere Harmony Racing,,,,,12:03:37.737,18,1:29.533,26.158,35.628,27.747,,,,225.00 km/h,GTWC Asia - PRO-AM,31:21.510,Brendon LEITCH
12,72,Winhere Harmony Racing,,,,,12:05:07.566,19,1:29.829,26.432,35.621,27.776,,,,223.60 km/h,GTWC Asia - PRO-AM,32:51.339,Brendon LEITCH
12,72,Winhere Harmony Racing,,,TRUE,12:06:31.108,12:06:43.589,20,1:36.023,26.213,35.626,,,,,224.53 km/h,GTWC Asia - PRO-AM,34:27.362,Brendon LEITCH
12,72,Winhere Harmony Racing,TRUE,12:08:19.366,,,12:09:53.655,21,3:10.066,,38.893,28.739,,,,,GTWC Asia - PRO-AM,37:37.428,Jiajun SONG
12,72,Winhere Harmony Racing,,,,,12:11:26.372,22,1:32.717,27.103,37.272,28.342,,,,222.22 km/h,GTWC Asia - PRO-AM,39:10.145,Jiajun SONG
12,72,Winhere Harmony Racing,,,,,12:12:58.166,23,1:31.794,26.970,36.532,28.292,,,,222.22 km/h,GTWC Asia - PRO-AM,40:41.939,Jiajun SONG
12,72,Winhere Harmony Racing,,,,,12:14:30.559,24,1:32.393,27.105,36.783,28.505,,,,220.85 km/h,GTWC Asia - PRO-AM,42:14.332,Jiajun SONG
12,72,Winhere Harmony Racing,,,,,12:16:04.017,25,1:33.458,27.124,36.918,29.416,,,,222.22 km/h,GTWC Asia - PRO-AM,43:47.790,Jiajun SONG
12,72,Winhere Harmony Racing,,,,,12:17:37.343,26,1:33.326,27.505,37.255,28.566,,,,224.06 km/h,GTWC Asia - PRO-AM,45:21.116,Jiajun SONG
12,72,Winhere Harmony Racing,,,,,12:20:26.193,27,2:48.850,31.418,1:24.338,53.094,,,,224.06 km/h,GTWC Asia - PRO-AM,48:09.966,Jiajun SONG
12,72,Winhere Harmony Racing,,,,,12:22:15.991,28,1:49.798,43.946,37.106,28.746,,,,79.70 km/h,GTWC Asia - PRO-AM,49:59.764,Jiajun SONG
12,72,Winhere Harmony Racing,,,,,12:23:48.159,29,1:32.168,26.917,36.785,28.466,,,,223.60 km/h,GTWC Asia - PRO-AM,51:31.932,Jiajun SONG
12,72,Winhere Harmony Racing,,,,,12:25:21.214,30,1:33.055,27.078,36.495,29.482,,,,223.60 km/h,GTWC Asia - PRO-AM,53:04.987,Jiajun SONG
12,72,Winhere Harmony Racing,,,,,12:26:53.147,31,1:31.933,26.871,36.313,28.749,,,,223.14 km/h,GTWC Asia - PRO-AM,54:36.920,Jiajun SONG
12,72,Winhere Harmony Racing,,,,,12:28:26.377,32,1:33.230,26.758,36.989,29.483,,,,224.06 km/h,GTWC Asia - PRO-AM,56:10.150,Jiajun SONG
12,72,Winhere Harmony Racing,,,,,12:29:58.650,33,1:32.273,26.945,36.665,28.663,,,,223.60 km/h,GTWC Asia - PRO-AM,57:42.423,Jiajun SONG
12,72,Winhere Harmony Racing,,,,,12:31:31.025,34,1:32.375,27.007,36.594,28.774,,,,222.22 km/h,GTWC Asia - PRO-AM,59:14.798,Jiajun SONG
12,72,Winhere Harmony Racing,,,,,12:33:04.588,35,1:33.563,27.193,36.387,29.983,,,,223.60 km/h,GTWC Asia - PRO-AM,1:00:48.361,Jiajun SONG
12,72,Winhere Harmony Racing,,,,,12:34:37.148,36,1:32.560,27.107,36.474,28.979,,,,224.53 km/h,GTWC Asia - PRO-AM,1:02:20.921,Jiajun SONG
13,13,33R Harmony Racing,,,,,11:35:01.309,1,2:45.082,,1:05.268,51.110,,,,,GTWC Asia - SIL-AM,2:45.082,Adderly FONG
13,13,33R Harmony Racing,,,,,11:36:35.464,2,1:34.155,29.071,37.048,28.036,,,,203.00 km/h,GTWC Asia - SIL-AM,4:19.237,Adderly FONG
13,13,33R Harmony Racing,,,,,11:38:26.649,3,1:51.185,27.199,55.877,28.109,,,,221.76 km/h,GTWC Asia - SIL-AM,6:10.422,Adderly FONG
13,13,33R Harmony Racing,,,,,11:40:01.299,4,1:34.650,26.787,37.985,29.878,,,,221.31 km/h,GTWC Asia - SIL-AM,7:45.072,Adderly FONG
13,13,33R Harmony Racing,,,,,11:42:13.050,5,2:11.751,28.525,54.696,48.530,,,,220.85 km/h,GTWC Asia - SIL-AM,9:56.823,Adderly FONG
13,13,33R Harmony Racing,,,,,11:44:54.109,6,2:41.059,39.953,1:09.955,51.151,,,,171.15 km/h,GTWC Asia - SIL-AM,12:37.882,Adderly FONG
13,13,33R Harmony Racing,,,,,11:47:21.948,7,2:27.839,39.313,1:01.166,47.360,,,,184.30 km/h,GTWC Asia - SIL-AM,15:05.721,Adderly FONG
13,13,33R Harmony Racing,,,,,11:48:54.400,8,1:32.452,27.507,36.380,28.565,,,,223.14 km/h,GTWC Asia - SIL-AM,16:38.173,Adderly FONG
13,13,33R Harmony Racing,,,,,11:50:26.703,9,1:32.303,27.053,36.657,28.593,,,,225.00 km/h,GTWC Asia - SIL-AM,18:10.476,Adderly FONG
13,13,33R Harmony Racing,,,,,11:51:57.253,10,1:30.550,26.609,36.075,27.866,,,,223.60 km/h,GTWC Asia - SIL-AM,19:41.026,Adderly FONG
13,13,33R Harmony Racing,,,,,11:53:27.893,11,1:30.640,26.547,36.155,27.938,,,,223.14 km/h,GTWC Asia - SIL-AM,21:11.666,Adderly FONG
13,13,33R Harmony Racing,,,,,11:54:58.449,12,1:30.556,26.655,36.040,27.861,,,,222.68 km/h,GTWC Asia - SIL-AM,22:42.222,Adderly FONG
13,13,33R Harmony Racing,,,,,11:56:28.987,13,1:30.538,26.606,36.082,27.850,,,,223.14 km/h,GTWC Asia - SIL-AM,24:12.760,Adderly FONG
13,13,33R Harmony Racing,,,,,11:57:59.125,14,1:30.138,26.488,35.881,27.769,,,,222.22 km/h,GTWC Asia - SIL-AM,25:42.898,Adderly FONG
13,13,33R Harmony Racing,,,,,11:59:29.318,15,1:30.193,26.434,35.955,27.804,,,,223.60 km/h,GTWC Asia - SIL-AM,27:13.091,Adderly FONG
13,13,33R Harmony Racing,,,,,12:00:59.442,16,1:30.124,26.443,35.918,27.763,,,,222.68 km/h,GTWC Asia - SIL-AM,28:43.215,Adderly FONG
13,13,33R Harmony Racing,,,,,12:02:29.529,17,1:30.087,26.508,35.844,27.735,,,,222.68 km/h,GTWC Asia - SIL-AM,30:13.302,Adderly FONG
13,13,33R Harmony Racing,,,TRUE,12:03:53.255,12:04:05.638,18,1:36.109,26.458,35.865,,,,,223.60 km/h,GTWC Asia - SIL-AM,31:49.411,Adderly FONG
13,13,33R Harmony Racing,TRUE,12:05:33.735,,,12:07:07.258,19,3:01.620,,39.285,28.378,,,,,GTWC Asia - SIL-AM,34:51.031,Jingzu SUN
13,13,33R Harmony Racing,,,,,12:08:39.137,20,1:31.879,26.990,36.646,28.243,,,,221.31 km/h,GTWC Asia - SIL-AM,36:22.910,Jingzu SUN
13,13,33R Harmony Racing,,,,,12:10:10.861,21,1:31.724,27.131,36.515,28.078,,,,221.31 km/h,GTWC Asia - SIL-AM,37:54.634,Jingzu SUN
13,13,33R Harmony Racing,,,,,12:11:43.219,22,1:32.358,27.040,36.399,28.919,,,,223.14 km/h,GTWC Asia - SIL-AM,39:26.992,Jingzu SUN
13,13,33R Harmony Racing,,,,,12:13:18.599,23,1:35.380,27.221,39.027,29.132,,,,221.76 km/h,GTWC Asia - SIL-AM,41:02.372,Jingzu SUN
13,13,33R Harmony Racing,,,,,12:14:53.001,24,1:34.402,26.909,38.722,28.771,,,,221.31 km/h,GTWC Asia - SIL-AM,42:36.774,Jingzu SUN
13,13,33R Harmony Racing,,,,,12:16:24.458,25,1:31.457,27.042,36.317,28.098,,,,221.76 km/h,GTWC Asia - SIL-AM,44:08.231,Jingzu SUN
13,13,33R Harmony Racing,,,,,12:17:55.702,26,1:31.244,26.772,36.422,28.050,,,,222.68 km/h,GTWC Asia - SIL-AM,45:39.475,Jingzu SUN
13,13,33R Harmony Racing,,,,,12:20:58.643,27,3:02.941,48.699,1:24.175,50.067,,,,80.05 km/h,GTWC Asia - SIL-AM,48:42.416,Jingzu SUN
13,13,33R Harmony Racing,,,,,12:22:30.848,28,1:32.205,27.141,36.584,28.480,,,,220.85 km/h,GTWC Asia - SIL-AM,50:14.621,Jingzu SUN
13,13,33R Harmony Racing,,,,,12:24:03.429,29,1:32.581,26.892,37.186,28.503,,,,222.22 km/h,GTWC Asia - SIL-AM,51:47.202,Jingzu SUN
13,13,33R Harmony Racing,,,,,12:25:36.014,30,1:32.585,26.987,37.079,28.519,,,,223.14 km/h,GTWC Asia - SIL-AM,53:19.787,Jingzu SUN
13,13,33R Harmony Racing,,,,,12:27:07.430,31,1:31.416,26.832,36.255,28.329,,,,223.60 km/h,GTWC Asia - SIL-AM,54:51.203,Jingzu SUN
13,13,33R Harmony Racing,,,,,12:28:38.851,32,1:31.421,26.877,36.231,28.313,,,,222.22 km/h,GTWC Asia - SIL-AM,56:22.624,Jingzu SUN
13,13,33R Harmony Racing,,,,,12:30:09.368,33,1:30.517,26.658,35.978,27.881,,,,223.60 km/h,GTWC Asia - SIL-AM,57:53.141,Jingzu SUN
13,13,33R Harmony Racing,,,,,12:31:40.416,34,1:31.048,26.649,36.091,28.308,,,,223.60 km/h,GTWC Asia - SIL-AM,59:24.189,Jingzu SUN
13,13,33R Harmony Racing,,,,,12:33:11.221,35,1:30.805,26.489,36.207,28.109,,,,222.22 km/h,GTWC Asia - SIL-AM,1:00:54.994,Jingzu SUN
13,13,33R Harmony Racing,,,,,12:34:41.930,36,1:30.709,26.460,36.161,28.088,,,,223.14 km/h,GTWC Asia - SIL-AM,1:02:25.703,Jingzu SUN
14,10,TEAM KRC,,,,,11:35:01.406,1,2:45.179,,1:05.895,49.448,,,,,GTWC Asia - SIL-AM,2:45.179,Maxime OOSTEN
14,10,TEAM KRC,,,,,11:36:40.058,2,1:38.652,31.269,38.426,28.957,,,,210.93 km/h,GTWC Asia - SIL-AM,4:23.831,Maxime OOSTEN
14,10,TEAM KRC,,,,,11:38:11.999,3,1:31.941,27.493,36.830,27.618,,,,220.85 km/h,GTWC Asia - SIL-AM,5:55.772,Maxime OOSTEN
14,10,TEAM KRC,,,,,11:39:49.698,4,1:37.699,28.466,39.533,29.700,,,,223.60 km/h,GTWC Asia - SIL-AM,7:33.471,Maxime OOSTEN
14,10,TEAM KRC,,,,,11:42:03.635,5,2:13.937,27.995,58.303,47.639,,,,192.85 km/h,GTWC Asia - SIL-AM,9:47.408,Maxime OOSTEN
14,10,TEAM KRC,,,,,11:44:43.911,6,2:40.276,41.631,1:10.138,48.507,,,,163.14 km/h,GTWC Asia - SIL-AM,12:27.684,Maxime OOSTEN
14,10,TEAM KRC,,,,,11:47:16.435,7,2:32.524,41.425,1:02.662,48.437,,,,131.86 km/h,GTWC Asia - SIL-AM,15:00.208,Maxime OOSTEN
14,10,TEAM KRC,,,,,11:48:48.027,8,1:31.592,27.413,36.498,27.681,,,,220.40 km/h,GTWC Asia - SIL-AM,16:31.800,Maxime OOSTEN
14,10,TEAM KRC,,,,,11:50:18.069,9,1:30.042,26.427,35.868,27.747,,,,224.06 km/h,GTWC Asia - SIL-AM,18:01.842,Maxime OOSTEN
14,10,TEAM KRC,,,,,11:51:47.934,10,1:29.865,26.521,35.730,27.614,,,,224.53 km/h,GTWC Asia - SIL-AM,19:31.707,Maxime OOSTEN
14,10,TEAM KRC,,,,,11:53:17.723,11,1:29.789,26.551,35.663,27.575,,,,223.60 km/h,GTWC Asia - SIL-AM,21:01.496,Maxime OOSTEN
14,10,TEAM KRC,,,,,11:54:47.348,12,1:29.625,26.396,35.649,27.580,,,,223.60 km/h,GTWC Asia - SIL-AM,22:31.121,Maxime OOSTEN
14,10,TEAM KRC,,,,,11:56:16.830,13,1:29.482,26.333,35.527,27.622,,,,223.60 km/h,GTWC Asia - SIL-AM,24:00.603,Maxime OOSTEN
14,10,TEAM KRC,,,,,11:57:46.600,14,1:29.770,26.382,35.631,27.757,,,,223.60 km/h,GTWC Asia - SIL-AM,25:30.373,Maxime OOSTEN
14,10,TEAM KRC,,,,,11:59:16.304,15,1:29.704,26.376,35.716,27.612,,,,224.06 km/h,GTWC Asia - SIL-AM,27:00.077,Maxime OOSTEN
14,10,TEAM KRC,,,,,12:00:46.082,16,1:29.778,26.364,35.679,27.735,,,,223.60 km/h,GTWC Asia - SIL-AM,28:29.855,Maxime OOSTEN
14,10,TEAM KRC,,,,,12:02:15.921,17,1:29.839,26.388,35.720,27.731,,,,223.14 km/h,GTWC Asia - SIL-AM,29:59.694,Maxime OOSTEN
14,10,TEAM KRC,,,,,12:03:45.689,18,1:29.768,26.380,35.608,27.780,,,,223.60 km/h,GTWC Asia - SIL-AM,31:29.462,Maxime OOSTEN
14,10,TEAM KRC,,,,,12:05:15.466,19,1:29.777,26.308,35.741,27.728,,,,223.60 km/h,GTWC Asia - SIL-AM,32:59.239,Maxime OOSTEN
14,10,TEAM KRC,,,TRUE,12:06:38.753,12:06:51.155,20,1:35.689,26.335,35.629,,,,,223.60 km/h,GTWC Asia - SIL-AM,34:34.928,Maxime OOSTEN
14,10,TEAM KRC,TRUE,12:08:17.762,,,12:09:49.315,21,2:58.160,,37.572,28.548,,,,,GTWC Asia - SIL-AM,37:33.088,Brian LEE
14,10,TEAM KRC,,,,,12:11:21.670,22,1:32.355,27.192,36.294,28.869,,,,222.68 km/h,GTWC Asia - SIL-AM,39:05.443,Brian LEE
14,10,TEAM KRC,,,,,12:12:52.942,23,1:31.272,26.936,36.203,28.133,,,,223.14 km/h,GTWC Asia - SIL-AM,40:36.715,Brian LEE
14,10,TEAM KRC,,,,,12:14:23.874,24,1:30.932,26.830,36.101,28.001,,,,222.68 km/h,GTWC Asia - SIL-AM,42:07.647,Brian LEE
14,10,TEAM KRC,,,,,12:15:54.866,25,1:30.992,26.459,36.215,28.318,,,,225.46 km/h,GTWC Asia - SIL-AM,43:38.639,Brian LEE
14,10,TEAM KRC,,,,,12:17:26.839,26,1:31.973,26.833,36.697,28.443,,,,224.06 km/h,GTWC Asia - SIL-AM,45:10.612,Brian LEE
14,10,TEAM KRC,,,,,12:19:58.496,27,2:31.657,27.169,1:12.175,52.313,,,,223.60 km/h,GTWC Asia - SIL-AM,47:42.269,Brian LEE
14,10,TEAM KRC,,,TRUE,12:21:55.488,12:22:07.870,28,2:09.374,52.861,41.708,,,,,80.23 km/h,GTWC Asia - SIL-AM,49:51.643,Brian LEE
14,10,TEAM KRC,TRUE,12:22:38.220,,,12:24:07.251,29,1:59.381,,36.564,28.104,,,,,GTWC Asia - SIL-AM,51:51.024,Brian LEE
14,10,TEAM KRC,,,,,12:25:38.542,30,1:31.291,26.736,36.481,28.074,,,,225.00 km/h,GTWC Asia - SIL-AM,53:22.315,Brian LEE
14,10,TEAM KRC,,,,,12:27:09.362,31,1:30.820,26.509,36.019,28.292,,,,224.06 km/h,GTWC Asia - SIL-AM,54:53.135,Brian LEE
14,10,TEAM KRC,,,,,12:28:40.478,32,1:31.116,26.650,36.000,28.466,,,,224.06 km/h,GTWC Asia - SIL-AM,56:24.251,Brian LEE
14,10,TEAM KRC,,,,,12:30:11.686,33,1:31.208,26.801,36.240,28.167,,,,225.00 km/h,GTWC Asia - SIL-AM,57:55.459,Brian LEE
14,10,TEAM KRC,,,,,12:31:43.072,34,1:31.386,26.928,36.068,28.390,,,,224.06 km/h,GTWC Asia - SIL-AM,59:26.845,Brian LEE
14,10,TEAM KRC,,,,,12:33:14.344,35,1:31.272,26.701,36.085,28.486,,,,224.06 km/h,GTWC Asia - SIL-AM,1:00:58.117,Brian LEE
14,10,TEAM KRC,,,,,12:34:45.997,36,1:31.653,26.692,36.408,28.553,,,,224.53 km/h,GTWC Asia - SIL-AM,1:02:29.770,Brian LEE
15,18,Porsche Center Okazaki,,,,,11:35:01.889,1,2:45.663,,,,,,,,GTWC Asia - PRO-AM,2:45.663,Yuichi NAKAYAMA
15,18,Porsche Center Okazaki,,,,,11:36:40.709,2,1:38.819,,,,,,,,GTWC Asia - PRO-AM,4:24.482,Yuichi NAKAYAMA
15,18,Porsche Center Okazaki,,,,,11:38:14.685,3,1:33.976,,,,,,,,GTWC Asia - PRO-AM,5:58.458,Yuichi NAKAYAMA
15,18,Porsche Center Okazaki,,,,,11:39:53.701,4,1:39.015,,,,,,,,GTWC Asia - PRO-AM,7:37.474,Yuichi NAKAYAMA
15,18,Porsche Center Okazaki,,,,,11:42:06.193,5,2:12.492,,,,,,,,GTWC Asia - PRO-AM,9:49.966,Yuichi NAKAYAMA
15,18,Porsche Center Okazaki,,,,,11:44:47.137,6,2:40.944,,,,,,,,GTWC Asia - PRO-AM,12:30.910,Yuichi NAKAYAMA
15,18,Porsche Center Okazaki,,,,,11:47:18.122,7,2:30.985,,,,,,,,GTWC Asia - PRO-AM,15:01.895,Yuichi NAKAYAMA
15,18,Porsche Center Okazaki,,,,,11:48:50.523,8,1:32.400,,,,,,,,GTWC Asia - PRO-AM,16:34.296,Yuichi NAKAYAMA
15,18,Porsche Center Okazaki,,,,,11:50:20.224,9,1:29.701,,,,,,,,GTWC Asia - PRO-AM,18:03.997,Yuichi NAKAYAMA
15,18,Porsche Center Okazaki,,,,,11:51:50.134,10,1:29.910,,,,,,,,GTWC Asia - PRO-AM,19:33.907,Yuichi NAKAYAMA
15,18,Porsche Center Okazaki,,,,,11:53:20.081,11,1:29.947,,,,,,,,GTWC Asia - PRO-AM,21:03.854,Yuichi NAKAYAMA
15,18,Porsche Center Okazaki,,,,,11:54:50.219,12,1:30.138,,,,,,,,GTWC Asia - PRO-AM,22:33.992,Yuichi NAKAYAMA
15,18,Porsche Center Okazaki,,,,,11:56:20.236,13,1:30.017,,,,,,,,GTWC Asia - PRO-AM,24:04.009,Yuichi NAKAYAMA
15,18,Porsche Center Okazaki,,,,,11:57:50.099,14,1:29.863,,,,,,,,GTWC Asia - PRO-AM,25:33.872,Yuichi NAKAYAMA
15,18,Porsche Center Okazaki,,,,,11:59:19.987,15,1:29.888,,,,,,,,GTWC Asia - PRO-AM,27:03.760,Yuichi NAKAYAMA
15,18,Porsche Center Okazaki,,,,,12:00:49.770,16,1:29.783,,,,,,,,GTWC Asia - PRO-AM,28:33.543,Yuichi NAKAYAMA
15,18,Porsche Center Okazaki,,,,,12:02:19.464,17,1:29.694,,,,,,,,GTWC Asia - PRO-AM,30:03.237,Yuichi NAKAYAMA
15,18,Porsche Center Okazaki,,,,,12:03:49.288,18,1:29.824,,,,,,,,GTWC Asia - PRO-AM,31:33.061,Yuichi NAKAYAMA
15,18,Porsche Center Okazaki,,,,,12:05:19.535,19,1:30.247,,,,,,,,GTWC Asia - PRO-AM,33:03.308,Yuichi NAKAYAMA
15,18,Porsche Center Okazaki,,,TRUE,12:06:44.332,12:06:57.024,20,1:37.489,,,,,,,,GTWC Asia - PRO-AM,34:40.797,Yuichi NAKAYAMA
15,18,Porsche Center Okazaki,TRUE,12:08:31.673,,,12:10:02.132,21,3:05.107,,,,,,,,GTWC Asia - PRO-AM,37:45.905,Yuichi NAKAYAMA
15,18,Porsche Center Okazaki,,,,,12:11:33.908,22,1:31.776,,,,,,,,GTWC Asia - PRO-AM,39:17.681,Yuichi NAKAYAMA
15,18,Porsche Center Okazaki,,,,,12:13:05.649,23,1:31.741,,,,,,,,GTWC Asia - PRO-AM,40:49.422,Yuichi NAKAYAMA
15,18,Porsche Center Okazaki,,,,,12:14:36.267,24,1:30.618,,,,,,,,GTWC Asia - PRO-AM,42:20.040,Yuichi NAKAYAMA
15,18,Porsche Center Okazaki,,,,,12:16:07.326,25,1:31.059,,,,,,,,GTWC Asia - PRO-AM,43:51.099,Yuichi NAKAYAMA
15,18,Porsche Center Okazaki,,,,,12:17:46.433,26,1:39.107,,,,,,,,GTWC Asia - PRO-AM,45:30.206,Yuichi NAKAYAMA
15,18,Porsche Center Okazaki,,,,,12:20:41.632,27,2:55.199,,,,,,,,GTWC Asia - PRO-AM,48:25.405,Yuichi NAKAYAMA
15,18,Porsche Center Okazaki,,,,,12:22:27.942,28,1:46.310,,,,,,,,GTWC Asia - PRO-AM,50:11.715,Yuichi NAKAYAMA
15,18,Porsche Center Okazaki,,,,,12:24:05.194,29,1:37.252,,,,,,,,GTWC Asia - PRO-AM,51:48.967,Yuichi NAKAYAMA
15,18,Porsche Center Okazaki,,,,,12:25:40.489,30,1:35.295,,,,,,,,GTWC Asia - PRO-AM,53:24.262,Yuichi NAKAYAMA
15,18,Porsche Center Okazaki,,,,,12:27:13.462,31,1:32.973,,,,,,,,GTWC Asia - PRO-AM,54:57.235,Yuichi NAKAYAMA
15,18,Porsche Center Okazaki,,,,,12:28:45.828,32,1:32.366,,,,,,,,GTWC Asia - PRO-AM,56:29.601,Yuichi NAKAYAMA
15,18,Porsche Center Okazaki,,,,,12:30:17.609,33,1:31.781,,,,,,,,GTWC Asia - PRO-AM,58:01.382,Yuichi NAKAYAMA
15,18,Porsche Center Okazaki,,,,,12:31:49.403,34,1:31.794,,,,,,,,GTWC Asia - PRO-AM,59:33.176,Yuichi NAKAYAMA
15,18,Porsche Center Okazaki,,,,,12:33:21.160,35,1:31.757,,,,,,,,GTWC Asia - PRO-AM,1:01:04.933,Yuichi NAKAYAMA
15,18,Porsche Center Okazaki,,,,,12:34:53.004,36,1:31.844,,,,,,,,GTWC Asia - PRO-AM,1:02:36.777,Yuichi NAKAYAMA
16,51,AMAC Motorsport,,,,,11:35:04.221,1,2:47.994,,1:03.888,42.245,,,,,GTWC Asia - AM,2:47.994,Andrew MACPHERSON
16,51,AMAC Motorsport,,,,,11:36:45.589,2,1:41.368,30.348,40.910,30.110,,,,214.71 km/h,GTWC Asia - AM,4:29.362,Andrew MACPHERSON
16,51,AMAC Motorsport,,,,,11:38:22.439,3,1:36.850,28.316,38.823,29.711,,,,218.62 km/h,GTWC Asia - AM,6:06.212,Andrew MACPHERSON
16,51,AMAC Motorsport,,,,,11:40:01.014,4,1:38.575,28.473,40.265,29.837,,,,217.74 km/h,GTWC Asia - AM,7:44.787,Andrew MACPHERSON
16,51,AMAC Motorsport,,,,,11:42:12.198,5,2:11.184,28.572,54.268,48.344,,,,220.40 km/h,GTWC Asia - AM,9:55.971,Andrew MACPHERSON
16,51,AMAC Motorsport,,,,,11:44:53.681,6,2:41.483,40.164,1:10.065,51.254,,,,149.37 km/h,GTWC Asia - AM,12:37.454,Andrew MACPHERSON
16,51,AMAC Motorsport,,,,,11:47:21.778,7,2:28.097,39.291,1:01.168,47.638,,,,192.17 km/h,GTWC Asia - AM,15:05.551,Andrew MACPHERSON
16,51,AMAC Motorsport,,,,,11:48:58.876,8,1:37.098,28.996,38.532,29.570,,,,219.95 km/h,GTWC Asia - AM,16:42.649,Andrew MACPHERSON
16,51,AMAC Motorsport,,,,,11:50:33.967,9,1:35.091,27.959,38.061,29.071,,,,220.40 km/h,GTWC Asia - AM,18:17.740,Andrew MACPHERSON
16,51,AMAC Motorsport,,,,,11:52:08.743,10,1:34.776,27.962,37.457,29.357,,,,219.95 km/h,GTWC Asia - AM,19:52.516,Andrew MACPHERSON
16,51,AMAC Motorsport,,,,,11:53:42.459,11,1:33.716,27.672,37.101,28.943,,,,219.95 km/h,GTWC Asia - AM,21:26.232,Andrew MACPHERSON
16,51,AMAC Motorsport,,,,,11:55:16.273,12,1:33.814,27.508,37.263,29.043,,,,219.51 km/h,GTWC Asia - AM,23:00.046,Andrew MACPHERSON
16,51,AMAC Motorsport,,,,,11:56:50.274,13,1:34.001,27.728,37.311,28.962,,,,219.06 km/h,GTWC Asia - AM,24:34.047,Andrew MACPHERSON
16,51,AMAC Motorsport,,,TRUE,11:58:19.136,11:58:31.690,14,1:41.416,27.671,37.633,,,,,216.86 km/h,GTWC Asia - AM,26:15.463,Andrew MACPHERSON
16,51,AMAC Motorsport,TRUE,12:00:00.614,,,12:01:37.081,15,3:05.391,,40.169,29.008,,,,,GTWC Asia - AM,29:20.854,William Ben PORTER
16,51,AMAC Motorsport,,,,,12:03:11.749,16,1:34.668,27.461,38.348,28.859,,,,219.95 km/h,GTWC Asia - AM,30:55.522,William Ben PORTER
16,51,AMAC Motorsport,,,,,12:04:44.765,17,1:33.016,27.540,37.219,28.257,,,,218.62 km/h,GTWC Asia - AM,32:28.538,William Ben PORTER
16,51,AMAC Motorsport,,,,,12:06:15.431,18,1:30.666,26.928,36.122,27.616,,,,220.85 km/h,GTWC Asia - AM,33:59.204,William Ben PORTER
16,51,AMAC Motorsport,,,,,12:07:45.989,19,1:30.558,26.640,36.083,27.835,,,,221.31 km/h,GTWC Asia - AM,35:29.762,William Ben PORTER
16,51,AMAC Motorsport,,,,,12:09:16.619,20,1:30.630,26.692,35.906,28.032,,,,221.31 km/h,GTWC Asia - AM,37:00.392,William Ben PORTER
16,51,AMAC Motorsport,,,,,12:10:47.248,21,1:30.629,26.834,35.920,27.875,,,,221.31 km/h,GTWC Asia - AM,38:31.021,William Ben PORTER
16,51,AMAC Motorsport,,,,,12:12:17.791,22,1:30.543,26.632,35.912,27.999,,,,220.85 km/h,GTWC Asia - AM,40:01.564,William Ben PORTER
16,51,AMAC Motorsport,,,,,12:13:48.336,23,1:30.545,26.748,35.907,27.890,,,,222.22 km/h,GTWC Asia - AM,41:32.109,William Ben PORTER
16,51,AMAC Motorsport,,,,,12:15:18.737,24,1:30.401,26.574,35.917,27.910,,,,222.22 km/h,GTWC Asia - AM,43:02.510,William Ben PORTER
16,51,AMAC Motorsport,,,,,12:16:49.277,25,1:30.540,26.694,36.024,27.822,,,,221.76 km/h,GTWC Asia - AM,44:33.050,William Ben PORTER
16,51,AMAC Motorsport,,,,,12:18:35.079,26,1:45.802,26.832,36.339,42.631,,,,221.76 km/h,GTWC Asia - AM,46:18.852,William Ben PORTER
16,51,AMAC Motorsport,,,,,12:21:22.716,27,2:47.637,53.277,1:24.798,29.562,,,,79.29 km/h,GTWC Asia - AM,49:06.489,William Ben PORTER
16,51,AMAC Motorsport,,,,,12:22:53.135,28,1:30.419,26.886,35.840,27.693,,,,219.51 km/h,GTWC Asia - AM,50:36.908,William Ben PORTER
16,51,AMAC Motorsport,,,,,12:24:23.353,29,1:30.218,26.610,35.778,27.830,,,,221.76 km/h,GTWC Asia - AM,52:07.126,William Ben PORTER
16,51,AMAC Motorsport,,,,,12:25:53.787,30,1:30.434,26.855,35.801,27.778,,,,221.76 km/h,GTWC Asia - AM,53:37.560,William Ben PORTER
16,51,AMAC Motorsport,,,,,12:27:24.428,31,1:30.641,26.614,36.012,28.015,,,,222.22 km/h,GTWC Asia - AM,55:08.201,William Ben PORTER
16,51,AMAC Motorsport,,,,,12:28:55.226,32,1:30.798,26.732,36.036,28.030,,,,223.14 km/h,GTWC Asia - AM,56:38.999,William Ben PORTER
16,51,AMAC Motorsport,,,,,12:30:25.950,33,1:30.724,26.640,36.063,28.021,,,,222.68 km/h,GTWC Asia - AM,58:09.723,William Ben PORTER
16,51,AMAC Motorsport,,,,,12:31:57.094,34,1:31.144,26.992,36.006,28.146,,,,222.68 km/h,GTWC Asia - AM,59:40.867,William Ben PORTER
16,51,AMAC Motorsport,,,,,12:33:28.243,35,1:31.149,26.881,36.189,28.079,,,,222.68 km/h,GTWC Asia - AM,1:01:12.016,William Ben PORTER
16,51,AMAC Motorsport,,,,,12:34:59.322,36,1:31.079,26.844,36.202,28.033,,,,222.68 km/h,GTWC Asia - AM,1:02:43.095,William Ben PORTER
17,5,PLUS with BMW M Team Studie,,,,,11:35:03.068,1,2:46.841,,1:04.012,43.451,,,,,GTWC Asia - PRO-AM,2:46.841,Seiji ARA
17,5,PLUS with BMW M Team Studie,,,,,11:36:42.175,2,1:39.107,30.225,39.879,29.003,,,,217.74 km/h,GTWC Asia - PRO-AM,4:25.948,Seiji ARA
17,5,PLUS with BMW M Team Studie,,,,,11:38:16.672,3,1:34.497,27.337,37.581,29.579,,,,226.41 km/h,GTWC Asia - PRO-AM,6:00.445,Seiji ARA
17,5,PLUS with BMW M Team Studie,,,,,11:39:59.373,4,1:42.701,30.857,41.285,30.559,,,,193.20 km/h,GTWC Asia - PRO-AM,7:43.146,Seiji ARA
17,5,PLUS with BMW M Team Studie,,,,,11:42:11.436,5,2:12.063,28.776,54.925,48.362,,,,205.32 km/h,GTWC Asia - PRO-AM,9:55.209,Seiji ARA
17,5,PLUS with BMW M Team Studie,,,,,11:44:52.469,6,2:41.033,40.249,1:10.069,50.715,,,,142.85 km/h,GTWC Asia - PRO-AM,12:36.242,Seiji ARA
17,5,PLUS with BMW M Team Studie,,,,,11:47:20.445,7,2:27.976,39.631,1:01.479,46.866,,,,165.64 km/h,GTWC Asia - PRO-AM,15:04.218,Seiji ARA
17,5,PLUS with BMW M Team Studie,,,,,11:48:54.166,8,1:33.721,27.319,36.890,29.512,,,,224.53 km/h,GTWC Asia - PRO-AM,16:37.939,Seiji ARA
17,5,PLUS with BMW M Team Studie,,,,,11:50:26.433,9,1:32.267,27.049,36.666,28.552,,,,225.46 km/h,GTWC Asia - PRO-AM,18:10.206,Seiji ARA
17,5,PLUS with BMW M Team Studie,,,,,11:51:56.591,10,1:30.158,26.612,35.818,27.728,,,,223.60 km/h,GTWC Asia - PRO-AM,19:40.364,Seiji ARA
17,5,PLUS with BMW M Team Studie,,,,,11:53:27.535,11,1:30.944,26.882,35.979,28.083,,,,224.53 km/h,GTWC Asia - PRO-AM,21:11.308,Seiji ARA
17,5,PLUS with BMW M Team Studie,,,,,11:54:57.925,12,1:30.390,26.632,35.845,27.913,,,,224.06 km/h,GTWC Asia - PRO-AM,22:41.698,Seiji ARA
17,5,PLUS with BMW M Team Studie,,,,,11:56:28.200,13,1:30.275,26.835,35.637,27.803,,,,224.53 km/h,GTWC Asia - PRO-AM,24:11.973,Seiji ARA
17,5,PLUS with BMW M Team Studie,,,,,11:57:58.501,14,1:30.301,26.650,35.802,27.849,,,,224.06 km/h,GTWC Asia - PRO-AM,25:42.274,Seiji ARA
17,5,PLUS with BMW M Team Studie,,,,,11:59:28.499,15,1:29.998,26.485,35.890,27.623,,,,224.06 km/h,GTWC Asia - PRO-AM,27:12.272,Seiji ARA
17,5,PLUS with BMW M Team Studie,,,,,12:00:58.532,16,1:30.033,26.472,35.777,27.784,,,,224.06 km/h,GTWC Asia - PRO-AM,28:42.305,Seiji ARA
17,5,PLUS with BMW M Team Studie,,,,,12:02:28.443,17,1:29.911,26.366,35.767,27.778,,,,225.00 km/h,GTWC Asia - PRO-AM,30:12.216,Seiji ARA
17,5,PLUS with BMW M Team Studie,,,,,12:03:58.582,18,1:30.139,26.543,35.735,27.861,,,,224.06 km/h,GTWC Asia - PRO-AM,31:42.355,Seiji ARA
17,5,PLUS with BMW M Team Studie,,,TRUE,12:05:24.255,12:05:36.956,19,1:38.374,26.733,36.190,,,,,224.53 km/h,GTWC Asia - PRO-AM,33:20.729,Seiji ARA
17,5,PLUS with BMW M Team Studie,TRUE,12:07:18.898,,,12:08:50.010,20,3:13.054,,36.802,28.116,,,,,GTWC Asia - PRO-AM,36:33.783,Tomohide YAMAGUCHI
17,5,PLUS with BMW M Team Studie,,,,,12:10:21.780,21,1:31.770,26.554,36.338,28.878,,,,223.14 km/h,GTWC Asia - PRO-AM,38:05.553,Tomohide YAMAGUCHI
17,5,PLUS with BMW M Team Studie,,,,,12:11:52.157,22,1:30.377,26.445,35.793,28.139,,,,223.14 km/h,GTWC Asia - PRO-AM,39:35.930,Tomohide YAMAGUCHI
17,5,PLUS with BMW M Team Studie,,,,,12:13:23.346,23,1:31.189,26.807,36.120,28.262,,,,224.06 km/h,GTWC Asia - PRO-AM,41:07.119,Tomohide YAMAGUCHI
17,5,PLUS with BMW M Team Studie,,,,,12:14:55.071,24,1:31.725,26.528,36.536,28.661,,,,224.53 km/h,GTWC Asia - PRO-AM,42:38.844,Tomohide YAMAGUCHI
17,5,PLUS with BMW M Team Studie,,,,,12:16:28.900,25,1:33.829,27.466,37.288,29.075,,,,224.06 km/h,GTWC Asia - PRO-AM,44:12.673,Tomohide YAMAGUCHI
17,5,PLUS with BMW M Team Studie,,,,,12:18:04.565,26,1:35.665,27.086,37.101,31.478,,,,224.06 km/h,GTWC Asia - PRO-AM,45:48.338,Tomohide YAMAGUCHI
17,5,PLUS with BMW M Team Studie,,,,,12:21:09.639,27,3:05.074,53.409,1:24.759,46.906,,,,79.94 km/h,GTWC Asia - PRO-AM,48:53.412,Tomohide YAMAGUCHI
17,5,PLUS with BMW M Team Studie,,,,,12:22:41.551,28,1:31.912,26.715,36.423,28.774,,,,223.60 km/h,GTWC Asia - PRO-AM,50:25.324,Tomohide YAMAGUCHI
17,5,PLUS with BMW M Team Studie,,,,,12:24:13.644,29,1:32.093,26.738,36.211,29.144,,,,224.06 km/h,GTWC Asia - PRO-AM,51:57.417,Tomohide YAMAGUCHI
17,5,PLUS with BMW M Team Studie,,,,,12:25:43.985,30,1:30.341,26.528,36.000,27.813,,,,224.53 km/h,GTWC Asia - PRO-AM,53:27.758,Tomohide YAMAGUCHI
17,5,PLUS with BMW M Team Studie,,,,,12:27:14.382,31,1:30.397,26.368,35.989,28.040,,,,225.00 km/h,GTWC Asia - PRO-AM,54:58.155,Tomohide YAMAGUCHI
17,5,PLUS with BMW M Team Studie,,,,,12:28:46.764,32,1:32.382,26.592,37.036,28.754,,,,225.00 km/h,GTWC Asia - PRO-AM,56:30.537,Tomohide YAMAGUCHI
17,5,PLUS with BMW M Team Studie,,,,,12:30:18.151,33,1:31.387,26.602,36.438,28.347,,,,223.14 km/h,GTWC Asia - PRO-AM,58:01.924,Tomohide YAMAGUCHI
17,5,PLUS with BMW M Team Studie,,,,,12:31:49.759,34,1:31.608,26.666,36.677,28.265,,,,225.00 km/h,GTWC Asia - PRO-AM,59:33.532,Tomohide YAMAGUCHI
17,5,PLUS with BMW M Team Studie,,,,,12:33:21.966,35,1:32.207,26.548,37.286,28.373,,,,225.00 km/h,GTWC Asia - PRO-AM,1:01:05.739,Tomohide YAMAGUCHI
17,5,PLUS with BMW M Team Studie,,,,,12:34:56.165,36,1:34.199,28.121,38.008,28.070,,,,225.46 km/h,GTWC Asia - PRO-AM,1:02:39.938,Tomohide YAMAGUCHI
18,22,Origine Motorsport,,,,,11:35:03.393,1,2:47.166,,1:04.373,42.848,,,,,GTWC Asia - AM,2:47.166,Zhongwei WANG
18,22,Origine Motorsport,,,,,11:36:42.731,2,1:39.338,29.810,40.244,29.284,,,,216.86 km/h,GTWC Asia - AM,4:26.504,Zhongwei WANG
18,22,Origine Motorsport,,,,,11:38:16.157,3,1:33.426,27.233,36.949,29.244,,,,221.31 km/h,GTWC Asia - AM,5:59.930,Zhongwei WANG
18,22,Origine Motorsport,,,,,11:39:57.380,4,1:41.223,29.369,42.015,29.839,,,,201.49 km/h,GTWC Asia - AM,7:41.153,Zhongwei WANG
18,22,Origine Motorsport,,,,,11:42:09.517,5,2:12.137,27.935,55.339,48.863,,,,208.89 km/h,GTWC Asia - AM,9:53.290,Zhongwei WANG
18,22,Origine Motorsport,,,,,11:44:50.072,6,2:40.555,40.261,1:10.115,50.179,,,,137.93 km/h,GTWC Asia - AM,12:33.845,Zhongwei WANG
18,22,Origine Motorsport,,,,,11:47:19.544,7,2:29.472,40.421,1:01.838,47.213,,,,170.61 km/h,GTWC Asia - AM,15:03.317,Zhongwei WANG
18,22,Origine Motorsport,,,,,11:48:53.107,8,1:33.563,27.272,37.024,29.267,,,,221.76 km/h,GTWC Asia - AM,16:36.880,Zhongwei WANG
18,22,Origine Motorsport,,,,,11:50:27.211,9,1:34.104,27.134,37.178,29.792,,,,220.85 km/h,GTWC Asia - AM,18:10.984,Zhongwei WANG
18,22,Origine Motorsport,,,,,11:51:58.243,10,1:31.032,26.890,36.148,27.994,,,,221.76 km/h,GTWC Asia - AM,19:42.016,Zhongwei WANG
18,22,Origine Motorsport,,,,,11:53:29.314,11,1:31.071,26.570,35.942,28.559,,,,223.14 km/h,GTWC Asia - AM,21:13.087,Zhongwei WANG
18,22,Origine Motorsport,,,,,11:55:00.694,12,1:31.380,26.723,35.955,28.702,,,,221.76 km/h,GTWC Asia - AM,22:44.467,Zhongwei WANG
18,22,Origine Motorsport,,,,,11:56:31.801,13,1:31.107,27.119,35.900,28.088,,,,221.31 km/h,GTWC Asia - AM,24:15.574,Zhongwei WANG
18,22,Origine Motorsport,,,,,11:58:02.673,14,1:30.872,26.369,35.978,28.525,,,,222.68 km/h,GTWC Asia - AM,25:46.446,Zhongwei WANG
18,22,Origine Motorsport,,,,,11:59:33.222,15,1:30.549,26.611,35.976,27.962,,,,223.14 km/h,GTWC Asia - AM,27:16.995,Zhongwei WANG
18,22,Origine Motorsport,,,,,12:01:03.998,16,1:30.776,26.568,36.054,28.154,,,,222.68 km/h,GTWC Asia - AM,28:47.771,Zhongwei WANG
18,22,Origine Motorsport,,,,,12:02:34.440,17,1:30.442,26.594,35.837,28.011,,,,222.68 km/h,GTWC Asia - AM,30:18.213,Zhongwei WANG
18,22,Origine Motorsport,,,,,12:04:04.809,18,1:30.369,26.538,35.882,27.949,,,,222.68 km/h,GTWC Asia - AM,31:48.582,Zhongwei WANG
18,22,Origine Motorsport,,,TRUE,12:05:29.621,12:05:42.212,19,1:37.403,26.628,36.190,,,,,222.68 km/h,GTWC Asia - AM,33:25.985,Zhongwei WANG
18,22,Origine Motorsport,TRUE,12:07:15.634,,,12:08:48.284,20,3:06.072,,37.906,28.958,,,,,GTWC Asia - AM,36:32.057,Hangcheng LIU
18,22,Origine Motorsport,,,,,12:10:22.377,21,1:34.093,27.125,37.382,29.586,,,,221.76 km/h,GTWC Asia - AM,38:06.150,Hangcheng LIU
18,22,Origine Motorsport,,,,,12:11:53.826,22,1:31.449,26.697,36.805,27.947,,,,223.14 km/h,GTWC Asia - AM,39:37.599,Hangcheng LIU
18,22,Origine Motorsport,,,TRUE,12:13:19.824,12:13:32.357,23,1:38.531,26.613,37.158,,,,,223.60 km/h,GTWC Asia - AM,41:16.130,Hangcheng LIU
18,22,Origine Motorsport,TRUE,12:13:58.511,,,12:15:27.232,24,1:54.875,,36.539,27.843,,,,,GTWC Asia - AM,43:11.005,Hangcheng LIU
18,22,Origine Motorsport,,,,,12:16:57.613,25,1:30.381,26.587,36.208,27.586,,,,222.68 km/h,GTWC Asia - AM,44:41.386,Hangcheng LIU
18,22,Origine Motorsport,,,,,12:18:54.383,26,1:56.770,26.666,36.739,53.365,,,,222.22 km/h,GTWC Asia - AM,46:38.156,Hangcheng LIU
18,22,Origine Motorsport,,,,,12:21:31.231,27,2:36.848,53.206,1:15.039,28.603,,,,79.58 km/h,GTWC Asia - AM,49:15.004,Hangcheng LIU
18,22,Origine Motorsport,,,,,12:23:03.394,28,1:32.163,26.915,37.076,28.172,,,,220.85 km/h,GTWC Asia - AM,50:47.167,Hangcheng LIU
18,22,Origine Motorsport,,,,,12:24:34.813,29,1:31.419,26.982,36.569,27.868,,,,221.76 km/h,GTWC Asia - AM,52:18.586,Hangcheng LIU
18,22,Origine Motorsport,,,,,12:26:05.469,30,1:30.656,26.591,36.485,27.580,,,,222.68 km/h,GTWC Asia - AM,53:49.242,Hangcheng LIU
18,22,Origine Motorsport,,,,,12:27:37.830,31,1:32.361,26.462,38.101,27.798,,,,222.68 km/h,GTWC Asia - AM,55:21.603,Hangcheng LIU
18,22,Origine Motorsport,,,,,12:29:10.119,32,1:32.289,26.664,37.279,28.346,,,,222.68 km/h,GTWC Asia - AM,56:53.892,Hangcheng LIU
18,22,Origine Motorsport,,,,,12:30:40.573,33,1:30.454,26.861,35.955,27.638,,,,222.22 km/h,GTWC Asia - AM,58:24.346,Hangcheng LIU
18,22,Origine Motorsport,,,,,12:32:10.777,34,1:30.204,26.404,35.921,27.879,,,,223.14 km/h,GTWC Asia - AM,59:54.550,Hangcheng LIU
18,22,Origine Motorsport,,,,,12:33:41.282,35,1:30.505,26.497,36.192,27.816,,,,222.68 km/h,GTWC Asia - AM,1:01:25.055,Hangcheng LIU
19,8,Climax Racing,,,,,11:35:03.487,1,2:47.260,,1:04.216,42.104,,,,,GTWC Asia - AM,2:47.260,Bi Huang ZHOU
19,8,Climax Racing,,,,,11:36:42.961,2,1:39.474,30.752,39.295,29.427,,,,217.74 km/h,GTWC Asia - AM,4:26.734,Bi Huang ZHOU
19,8,Climax Racing,,,,,11:38:16.602,3,1:33.641,27.549,36.891,29.201,,,,220.85 km/h,GTWC Asia - AM,6:00.375,Bi Huang ZHOU
19,8,Climax Racing,,,,,11:39:58.718,4,1:42.116,30.390,41.232,30.494,,,,196.36 km/h,GTWC Asia - AM,7:42.491,Bi Huang ZHOU
19,8,Climax Racing,,,,,11:42:10.384,5,2:11.666,28.720,54.715,48.231,,,,188.81 km/h,GTWC Asia - AM,9:54.157,Bi Huang ZHOU
19,8,Climax Racing,,,,,11:44:51.202,6,2:40.818,40.525,1:09.591,50.702,,,,141.91 km/h,GTWC Asia - AM,12:34.975,Bi Huang ZHOU
19,8,Climax Racing,,,,,11:47:20.089,7,2:28.887,40.114,1:01.537,47.236,,,,156.97 km/h,GTWC Asia - AM,15:03.862,Bi Huang ZHOU
19,8,Climax Racing,,,,,11:48:53.355,8,1:33.266,27.229,36.780,29.257,,,,223.60 km/h,GTWC Asia - AM,16:37.128,Bi Huang ZHOU
19,8,Climax Racing,,,,,11:50:27.473,9,1:34.118,27.265,37.960,28.893,,,,222.68 km/h,GTWC Asia - AM,18:11.246,Bi Huang ZHOU
19,8,Climax Racing,,,,,11:51:58.746,10,1:31.273,26.981,36.011,28.281,,,,221.76 km/h,GTWC Asia - AM,19:42.519,Bi Huang ZHOU
19,8,Climax Racing,,,,,11:53:29.556,11,1:30.810,26.506,35.852,28.452,,,,225.46 km/h,GTWC Asia - AM,21:13.329,Bi Huang ZHOU
19,8,Climax Racing,,,,,11:55:00.878,12,1:31.322,26.907,35.932,28.483,,,,224.06 km/h,GTWC Asia - AM,22:44.651,Bi Huang ZHOU
19,8,Climax Racing,,,,,11:56:32.338,13,1:31.460,27.380,35.871,28.209,,,,220.40 km/h,GTWC Asia - AM,24:16.111,Bi Huang ZHOU
19,8,Climax Racing,,,,,11:58:03.013,14,1:30.675,26.445,35.803,28.427,,,,225.46 km/h,GTWC Asia - AM,25:46.786,Bi Huang ZHOU
19,8,Climax Racing,,,,,11:59:33.755,15,1:30.742,26.796,35.895,28.051,,,,225.94 km/h,GTWC Asia - AM,27:17.528,Bi Huang ZHOU
19,8,Climax Racing,,,,,12:01:04.538,16,1:30.783,26.542,35.879,28.362,,,,225.00 km/h,GTWC Asia - AM,28:48.311,Bi Huang ZHOU
19,8,Climax Racing,,,TRUE,12:02:29.675,12:02:42.082,17,1:37.544,26.546,36.031,,,,,224.53 km/h,GTWC Asia - AM,30:25.855,Bi Huang ZHOU
19,8,Climax Racing,TRUE,12:04:10.707,,,12:05:41.386,18,2:59.304,,36.971,28.698,,,,,GTWC Asia - AM,33:25.159,Setiawan SANTOSO
19,8,Climax Racing,,,,,12:07:13.332,19,1:31.946,26.768,36.666,28.512,,,,224.06 km/h,GTWC Asia - AM,34:57.105,Setiawan SANTOSO
19,8,Climax Racing,,,,,12:08:45.344,20,1:32.012,26.886,36.535,28.591,,,,224.53 km/h,GTWC Asia - AM,36:29.117,Setiawan SANTOSO
19,8,Climax Racing,,,,,12:10:16.994,21,1:31.650,26.880,36.411,28.359,,,,224.53 km/h,GTWC Asia - AM,38:00.767,Setiawan SANTOSO
19,8,Climax Racing,,,,,12:11:48.945,22,1:31.951,27.128,36.398,28.425,,,,225.00 km/h,GTWC Asia - AM,39:32.718,Setiawan SANTOSO
19,8,Climax Racing,,,,,12:13:20.835,23,1:31.890,26.872,36.547,28.471,,,,224.53 km/h,GTWC Asia - AM,41:04.608,Setiawan SANTOSO
19,8,Climax Racing,,,,,12:14:54.285,24,1:33.450,27.146,37.250,29.054,,,,225.46 km/h,GTWC Asia - AM,42:38.058,Setiawan SANTOSO
19,8,Climax Racing,,,,,12:16:28.756,25,1:34.471,27.463,37.742,29.266,,,,226.41 km/h,GTWC Asia - AM,44:12.529,Setiawan SANTOSO
19,8,Climax Racing,,,,,12:18:02.223,26,1:33.467,26.934,37.129,29.404,,,,225.00 km/h,GTWC Asia - AM,45:45.996,Setiawan SANTOSO
19,8,Climax Racing,,,,,12:21:08.224,27,3:06.001,53.250,1:24.488,48.263,,,,79.70 km/h,GTWC Asia - AM,48:51.997,Setiawan SANTOSO
19,8,Climax Racing,,,,,12:22:41.814,28,1:33.590,27.240,37.032,29.318,,,,222.68 km/h,GTWC Asia - AM,50:25.587,Setiawan SANTOSO
19,8,Climax Racing,,,,,12:24:14.275,29,1:32.461,27.279,36.529,28.653,,,,218.18 km/h,GTWC Asia - AM,51:58.048,Setiawan SANTOSO
19,8,Climax Racing,,,,,12:25:46.006,30,1:31.731,27.040,36.171,28.520,,,,225.00 km/h,GTWC Asia - AM,53:29.779,Setiawan SANTOSO
19,8,Climax Racing,,,,,12:27:17.926,31,1:31.920,26.953,36.469,28.498,,,,225.46 km/h,GTWC Asia - AM,55:01.699,Setiawan SANTOSO
19,8,Climax Racing,,,,,12:28:49.781,32,1:31.855,26.878,36.676,28.301,,,,225.94 km/h,GTWC Asia - AM,56:33.554,Setiawan SANTOSO
19,8,Climax Racing,,,TRUE,12:30:14.940,12:30:27.394,33,1:37.613,26.796,36.342,,,,,225.46 km/h,GTWC Asia - AM,58:11.167,Setiawan SANTOSO
19,8,Climax Racing,TRUE,12:30:53.409,,,12:32:23.228,34,1:55.834,,37.300,28.248,,,,,GTWC Asia - AM,1:00:07.001,Setiawan SANTOSO
19,8,Climax Racing,,,,,12:33:54.485,35,1:31.257,26.730,36.433,28.094,,,,226.41 km/h,GTWC Asia - AM,1:01:38.258,Setiawan SANTOSO
20,25,Porsche Center Okazaki,,,,,11:35:02.684,1,2:46.457,,1:04.329,43.889,,,,,GTWC Asia - SIL-AM,2:46.457,Tsubasa KONDO
20,25,Porsche Center Okazaki,,,,,11:36:39.609,2,1:36.925,29.289,38.696,28.940,,,,216.43 km/h,GTWC Asia - SIL-AM,4:23.382,Tsubasa KONDO
20,25,Porsche Center Okazaki,,,,,11:38:10.529,3,1:30.920,27.172,35.823,27.925,,,,220.40 km/h,GTWC Asia - SIL-AM,5:54.302,Tsubasa KONDO
20,25,Porsche Center Okazaki,,,,,11:39:48.149,4,1:37.620,28.847,39.491,29.282,,,,198.52 km/h,GTWC Asia - SIL-AM,7:31.922,Tsubasa KONDO
20,25,Porsche Center Okazaki,,,,,11:42:02.771,5,2:14.622,28.263,58.716,47.643,,,,212.18 km/h,GTWC Asia - SIL-AM,9:46.544,Tsubasa KONDO
20,25,Porsche Center Okazaki,,,,,11:44:43.113,6,2:40.342,41.710,1:10.161,48.471,,,,150.00 km/h,GTWC Asia - SIL-AM,12:26.886,Tsubasa KONDO
20,25,Porsche Center Okazaki,,,,,11:47:16.220,7,2:33.107,41.319,1:02.537,49.251,,,,135.16 km/h,GTWC Asia - SIL-AM,14:59.993,Tsubasa KONDO
20,25,Porsche Center Okazaki,,,,,11:48:47.636,8,1:31.416,27.473,36.226,27.717,,,,220.40 km/h,GTWC Asia - SIL-AM,16:31.409,Tsubasa KONDO
20,25,Porsche Center Okazaki,,,,,11:50:17.699,9,1:30.063,26.490,35.775,27.798,,,,222.68 km/h,GTWC Asia - SIL-AM,18:01.472,Tsubasa KONDO
20,25,Porsche Center Okazaki,,,,,11:51:47.540,10,1:29.841,26.524,35.712,27.605,,,,222.22 km/h,GTWC Asia - SIL-AM,19:31.313,Tsubasa KONDO
20,25,Porsche Center Okazaki,,,,,11:53:18.426,11,1:30.886,27.285,35.965,27.636,,,,221.76 km/h,GTWC Asia - SIL-AM,21:02.199,Tsubasa KONDO
20,25,Porsche Center Okazaki,,,,,11:54:48.276,12,1:29.850,26.451,35.659,27.740,,,,223.14 km/h,GTWC Asia - SIL-AM,22:32.049,Tsubasa KONDO
20,25,Porsche Center Okazaki,,,,,11:56:17.942,13,1:29.666,26.408,35.602,27.656,,,,221.31 km/h,GTWC Asia - SIL-AM,24:01.715,Tsubasa KONDO
20,25,Porsche Center Okazaki,,,,,11:57:47.672,14,1:29.730,26.375,35.617,27.738,,,,222.22 km/h,GTWC Asia - SIL-AM,25:31.445,Tsubasa KONDO
20,25,Porsche Center Okazaki,,,,,11:59:17.782,15,1:30.110,26.558,35.936,27.616,,,,222.22 km/h,GTWC Asia - SIL-AM,27:01.555,Tsubasa KONDO
20,25,Porsche Center Okazaki,,,,,12:00:47.843,16,1:30.061,26.654,35.696,27.711,,,,222.68 km/h,GTWC Asia - SIL-AM,28:31.616,Tsubasa KONDO
20,25,Porsche Center Okazaki,,,,,12:02:17.698,17,1:29.855,26.440,35.705,27.710,,,,221.31 km/h,GTWC Asia - SIL-AM,30:01.471,Tsubasa KONDO
20,25,Porsche Center Okazaki,,,,,12:03:47.493,18,1:29.795,26.423,35.660,27.712,,,,222.22 km/h,GTWC Asia - SIL-AM,31:31.266,Tsubasa KONDO
20,25,Porsche Center Okazaki,,,,,12:05:17.349,19,1:29.856,26.396,35.743,27.717,,,,222.22 km/h,GTWC Asia - SIL-AM,33:01.122,Tsubasa KONDO
20,25,Porsche Center Okazaki,,,TRUE,12:06:42.009,12:06:54.633,20,1:37.284,26.421,35.807,,,,,222.68 km/h,GTWC Asia - SIL-AM,34:38.406,Tsubasa KONDO
20,25,Porsche Center Okazaki,TRUE,12:08:22.647,,,12:10:08.380,21,3:13.747,,38.642,40.867,,,,,GTWC Asia - SIL-AM,37:52.153,Kiyoshi UCHIYAMA
20,25,Porsche Center Okazaki,,,,,12:11:42.282,22,1:33.902,27.773,37.083,29.046,,,,216.43 km/h,GTWC Asia - SIL-AM,39:26.055,Kiyoshi UCHIYAMA
20,25,Porsche Center Okazaki,,,,,12:13:19.426,23,1:37.144,27.849,39.167,30.128,,,,218.62 km/h,GTWC Asia - SIL-AM,41:03.199,Kiyoshi UCHIYAMA
20,25,Porsche Center Okazaki,,,,,12:14:53.900,24,1:34.474,27.852,37.783,28.839,,,,218.18 km/h,GTWC Asia - SIL-AM,42:37.673,Kiyoshi UCHIYAMA
20,25,Porsche Center Okazaki,,,,,12:16:27.519,25,1:33.619,27.455,37.116,29.048,,,,220.85 km/h,GTWC Asia - SIL-AM,44:11.292,Kiyoshi UCHIYAMA
20,25,Porsche Center Okazaki,,,,,12:18:01.103,26,1:33.584,27.377,37.511,28.696,,,,218.62 km/h,GTWC Asia - SIL-AM,45:44.876,Kiyoshi UCHIYAMA
20,25,Porsche Center Okazaki,,,,,12:21:05.155,27,3:04.052,50.985,1:24.374,48.693,,,,79.82 km/h,GTWC Asia - SIL-AM,48:48.928,Kiyoshi UCHIYAMA
20,25,Porsche Center Okazaki,,,,,12:22:39.359,28,1:34.204,27.727,37.146,29.331,,,,219.06 km/h,GTWC Asia - SIL-AM,50:23.132,Kiyoshi UCHIYAMA
20,25,Porsche Center Okazaki,,,TRUE,12:24:08.251,12:24:21.002,29,1:41.643,27.699,37.274,,,,,218.62 km/h,GTWC Asia - SIL-AM,52:04.775,Kiyoshi UCHIYAMA
20,25,Porsche Center Okazaki,TRUE,12:24:47.121,,,12:26:20.774,30,1:59.772,,38.347,29.379,,,,,GTWC Asia - SIL-AM,54:04.547,Kiyoshi UCHIYAMA
20,25,Porsche Center Okazaki,,,,,12:27:59.379,31,1:38.605,28.552,40.501,29.552,,,,219.06 km/h,GTWC Asia - SIL-AM,55:43.152,Kiyoshi UCHIYAMA
20,25,Porsche Center Okazaki,,,,,12:29:32.972,32,1:33.593,27.300,36.856,29.437,,,,220.40 km/h,GTWC Asia - SIL-AM,57:16.745,Kiyoshi UCHIYAMA
20,25,Porsche Center Okazaki,,,,,12:31:08.212,33,1:35.240,27.129,38.168,29.943,,,,221.76 km/h,GTWC Asia - SIL-AM,58:51.985,Kiyoshi UCHIYAMA
20,25,Porsche Center Okazaki,,,,,12:32:40.233,34,1:32.021,27.321,36.388,28.312,,,,219.95 km/h,GTWC Asia - SIL-AM,1:00:24.006,Kiyoshi UCHIYAMA
20,25,Porsche Center Okazaki,,,,,12:34:11.600,35,1:31.367,26.823,36.199,28.345,,,,221.76 km/h,GTWC Asia - SIL-AM,1:01:55.373,Kiyoshi UCHIYAMA
21,27,Climax Racing,,,,,11:35:02.184,1,2:45.957,,1:04.205,45.545,,,,,GTWC Asia - SIL-AM,2:45.957,Elias SEPPANEN
21,27,Climax Racing,,,,,11:36:39.388,2,1:37.204,29.385,38.851,28.968,,,,197.80 km/h,GTWC Asia - SIL-AM,4:23.161,Elias SEPPANEN
21,27,Climax Racing,,,TRUE,11:38:07.448,11:38:19.655,3,1:40.267,27.960,37.721,,,,,219.95 km/h,GTWC Asia - SIL-AM,6:03.428,Elias SEPPANEN
21,27,Climax Racing,TRUE,11:38:54.527,,,11:40:50.908,4,2:31.253,,38.894,27.749,,,,,GTWC Asia - SIL-AM,8:34.681,Elias SEPPANEN
21,27,Climax Racing,,,,,11:42:24.056,5,1:33.148,26.871,38.429,27.848,,,,223.60 km/h,GTWC Asia - SIL-AM,10:07.829,Elias SEPPANEN
21,27,Climax Racing,,,,,11:44:55.209,6,2:31.153,29.842,1:09.785,51.526,,,,219.51 km/h,GTWC Asia - SIL-AM,12:38.982,Elias SEPPANEN
21,27,Climax Racing,,,,,11:47:22.164,7,2:26.955,38.992,1:01.149,46.814,,,,179.40 km/h,GTWC Asia - SIL-AM,15:05.937,Elias SEPPANEN
21,27,Climax Racing,,,,,11:48:53.857,8,1:31.693,27.073,35.962,28.658,,,,225.94 km/h,GTWC Asia - SIL-AM,16:37.630,Elias SEPPANEN
21,27,Climax Racing,,,,,11:50:25.428,9,1:31.571,27.042,36.604,27.925,,,,224.53 km/h,GTWC Asia - SIL-AM,18:09.201,Elias SEPPANEN
21,27,Climax Racing,,,,,11:51:54.598,10,1:29.170,26.256,35.471,27.443,,,,225.46 km/h,GTWC Asia - SIL-AM,19:38.371,Elias SEPPANEN
21,27,Climax Racing,,,,,11:53:24.448,11,1:29.850,26.491,35.606,27.753,,,,226.41 km/h,GTWC Asia - SIL-AM,21:08.221,Elias SEPPANEN
21,27,Climax Racing,,,,,11:54:55.004,12,1:30.556,26.975,35.763,27.818,,,,227.84 km/h,GTWC Asia - SIL-AM,22:38.777,Elias SEPPANEN
21,27,Climax Racing,,,,,11:56:25.034,13,1:30.030,26.556,35.642,27.832,,,,224.53 km/h,GTWC Asia - SIL-AM,24:08.807,Elias SEPPANEN
21,27,Climax Racing,,,,,11:57:54.783,14,1:29.749,26.463,35.678,27.608,,,,226.41 km/h,GTWC Asia - SIL-AM,25:38.556,Elias SEPPANEN
21,27,Climax Racing,,,,,11:59:24.756,15,1:29.973,26.556,35.681,27.736,,,,225.94 km/h,GTWC Asia - SIL-AM,27:08.529,Elias SEPPANEN
21,27,Climax Racing,,,,,12:00:54.519,16,1:29.763,26.440,35.554,27.769,,,,225.94 km/h,GTWC Asia - SIL-AM,28:38.292,Elias SEPPANEN
21,27,Climax Racing,,,,,12:02:24.315,17,1:29.796,26.454,35.554,27.788,,,,225.46 km/h,GTWC Asia - SIL-AM,30:08.088,Elias SEPPANEN
21,27,Climax Racing,,,TRUE,12:03:47.803,12:04:00.143,18,1:35.828,26.653,35.457,,,,,224.06 km/h,GTWC Asia - SIL-AM,31:43.916,Elias SEPPANEN
21,27,Climax Racing,TRUE,12:05:27.797,,,12:07:01.816,19,3:01.673,,38.550,29.041,,,,,GTWC Asia - SIL-AM,34:45.589,Lichao LI
21,27,Climax Racing,,,,,12:08:34.526,20,1:32.710,26.944,36.193,29.573,,,,223.60 km/h,GTWC Asia - SIL-AM,36:18.299,Lichao LI
21,27,Climax Racing,,,,,12:10:05.340,21,1:30.814,26.865,35.783,28.166,,,,225.46 km/h,GTWC Asia - SIL-AM,37:49.113,Lichao LI
21,27,Climax Racing,,,,,12:11:36.010,22,1:30.670,26.778,35.943,27.949,,,,224.53 km/h,GTWC Asia - SIL-AM,39:19.783,Lichao LI
21,27,Climax Racing,,,,,12:13:06.238,23,1:30.228,26.456,35.575,28.197,,,,225.46 km/h,GTWC Asia - SIL-AM,40:50.011,Lichao LI
21,27,Climax Racing,,,,,12:14:37.233,24,1:30.995,26.849,35.754,28.392,,,,225.00 km/h,GTWC Asia - SIL-AM,42:21.006,Lichao LI
21,27,Climax Racing,,,,,12:16:07.671,25,1:30.438,26.432,36.160,27.846,,,,226.89 km/h,GTWC Asia - SIL-AM,43:51.444,Lichao LI
22,50,Garage 75,,,,,11:35:00.777,1,2:44.550,,1:04.829,52.941,,,,,GTWC Asia - SILVER,2:44.550,Sean GELAEL
22,50,Garage 75,,,,,11:36:36.247,2,1:35.470,30.064,37.431,27.975,,,,206.10 km/h,GTWC Asia - SILVER,4:20.020,Sean GELAEL
22,50,Garage 75,,,TRUE,11:42:46.929,11:42:59.329,3,6:23.082,26.797,5:19.430,,,,,223.14 km/h,GTWC Asia - SILVER,10:43.102,Sean GELAEL
