TIME;RACE TIME;MESSAGE;
15:33:11.721;;;PIT EXIT CLOSES IN 2 MINUTES;
15:35:00.943;;;PIT EXIT IS CLOSED;
15:35:01.969;;;PIT EXIT IS CLOSED;
15:50:01.177;;;5 MINUTES TO START OF FORMATION LAP;
15:55:11.614;;;FORMATION LAP;
15:59:31.264;;;Green flag;
15:59:47.483;16.219;;Yellow flag at MSector 3;
16:00:03.047;31.783;;Yellow flag at MSector 4;
16:00:10.617;39.353;;Green flag at MSector 4;
16:00:11.151;39.887;;Yellow flag at MSector 4;
16:00:12.661;41.397;;START UNDER INVESTIGATION;
16:00:48.549;1:17.285;;Safety car deployed;
16:01:31.147;1:59.883;;INCIDENT TURN 1 NOTED;
16:02:50.370;3:19.106;;INCIDENT TURN 1 UNDER INVESTIGATION;
16:07:06.921;7:35.657;;car # 7 no transponder at pit finish, please check;
16:15:18.956;15:47.692;;PIT EXIT IS CLOSED;
16:17:01.910;17:30.646;;Safety Car in this Lap;
16:18:02.270;18:31.006;;Green flag;
16:20:39.108;21:07.844;;Yellow flag at MSector 3;
16:20:42.421;21:11.157;;Green flag at MSector 3;
16:21:21.816;21:50.552;;INCIDENT CARS 11-111 T8 NOTED;
16:21:35.237;22:03.973;;INCIDENT CARS 24-992 T2 NOTED;
16:23:57.736;24:26.472;;INCIDENT CARS 50-99 T2 NOTED;
16:24:09.659;24:38.395;;INCIDENT CARS 52-84 T2 NOTED;
16:25:09.132;25:37.868;;INCIDENT CARS 24-992 T2 UNDER INVESTIGATION;
16:26:04.098;26:32.834;;Yellow flag at MSector 3;
16:26:13.060;26:41.796;;CAR 992 - DRIVE THROUGH PENALTY PUSHING OTHER CAR;
16:26:13.489;26:42.225;;Green flag at MSector 3;
16:26:41.871;27:10.607;;INCIDENT CARS 71-99 T2 NOTED;
16:28:27.663;28:56.399;;INCIDENT CARS 11-111 T8 NO FURTHER INVESTIGATION;
16:31:14.576;31:43.312;;CAR 96 OVERTAKING OFF TRACK T5 UNDER INVESTIGATION;
16:32:09.021;32:37.757;;CAR 992 PITLANE SPEED UNDER INVESTIGATION;
16:33:43.355;34:12.091;;INCIDENT CARS 59-99 T2 NO FURTHER INVESTIGATION;
16:34:03.114;34:31.850;;INCIDENT CARS 52-84 T2 NO FURTHER INVESTIGATION;
16:34:40.560;35:09.296;;CAR 17 STOP&GO 3MN - CAUSING COLLISION;
16:36:19.540;36:48.276;;CARS 24-88 SHORT PITSTOP UNDER INVESTIGATION;
16:39:48.290;40:17.026;;CAR 56 NO TRANSPONDER NOTED;
16:44:14.315;44:43.051;;Yellow flag at MSector 3;
16:44:16.774;44:45.510;;Green flag at MSector 3;
16:44:19.222;44:47.958;;Yellow flag at MSector 3;
16:44:21.575;44:50.311;;Green flag at MSector 3;
16:45:01.330;45:30.066;;INCIDENT CARS 99-998 T2 NOTED;
16:47:08.796;47:37.532;;INCIDENT CARS 99-998 T2 NO FURTHER INVESTIGATION;
16:47:43.508;48:12.244;;CAR 96 - 5SEC TIME PENALTY LEAVING TRACK AND GAINING ADV;
16:48:39.823;49:08.559;;Yellow flag at MSector 13;
16:49:09.265;49:38.001;;FULL COURSE YELLOW IN 20s;
16:49:19.265;49:48.001;;FULL COURSE YELLOW IN 10s;
16:49:29.265;49:58.001;;Full course yellow deployed;
16:50:32.571;51:01.307;;CAR 111 GRAVEL BED T9;
16:53:33.931;54:02.667;;CAR 91 PITLANE SPEED UNDER INVESTIGATION;
16:58:28.580;58:57.316;;CAR 60 PITLANE SPEED UNDER INVESTIGATION;
16:58:44.950;59:13.686;;CAR 98 NO GPS NOTED;
16:59:07.265;59:36.001;;End of minimum FCY duration;
17:03:54.966;1:04:23.702;;Safety car deployed;
17:05:04.424;1:05:33.160;;CAR 12 PITLANE SPEED UNDER INVESTIGATION;
17:05:18.015;1:05:46.751;;PIT EXIT IS CLOSED;
17:06:30.195;1:06:58.931;;Safety Car in this Lap;
17:08:08.062;1:08:36.798;;Green flag;
17:10:38.749;1:11:07.485;;CAR 3 BLUE FLAG;
17:10:51.851;1:11:20.587;;CAR 177 BLUE FLAG;
17:11:29.410;1:11:58.146;;CAR 177 BLUE FLAG;
17:12:06.754;1:12:35.490;;CAR 177 BLUE FLAG;
17:12:22.548;1:12:51.284;;Yellow flag at MSector 3;
17:12:26.619;1:12:55.355;;CAR 3 BLUE FLAG;
17:12:32.995;1:13:01.731;;Green flag at MSector 3;
17:12:41.787;1:13:10.523;;CAR 177 BLUE FLAG;
17:13:20.282;1:13:49.018;;CAR 177 BLUE FLAG;
17:13:28.641;1:13:57.377;;INCIDENT CARS 99-71 T2 WILL BE INVESTIGATE AFTER THE RACE;
17:13:57.745;1:14:26.481;;CAR 177 BLUE FLAG;
17:15:09.472;1:15:38.208;;CAR 177 BLUE FLAG;
17:15:34.036;1:16:02.772;;CAR 914 BLUE FLAG;
17:15:38.870;1:16:07.606;;CAR 74 LEAVING TRACK AND GAINING ADV UNDER INVESTIGATION;
17:15:46.627;1:16:15.363;;CAR 177 BLUE FLAG;
17:17:49.586;1:18:18.322;;Yellow flag at MSector 13;
17:18:41.200;1:19:09.936;;FULL COURSE YELLOW IN 20s and PIT ENTRY CLOSED;
17:18:43.111;1:19:11.847;;PIT ENTRY CLOSED;
17:18:51.200;1:19:19.936;;FULL COURSE YELLOW IN 10s and PIT ENTRY CLOSED;
17:19:01.200;1:19:29.936;;Full course yellow deployed;
17:19:13.582;1:19:42.318;;CAR 3 STOPPED T8;
17:19:57.233;1:20:25.969;;Full Course Yellow ending on short Notice;
17:20:07.233;1:20:35.969;;Green flag;
17:20:07.760;1:20:36.496;;PIT ENTRY OPEN;
17:20:08.333;1:20:37.069;;Yellow flag at MSector 13;
17:20:08.867;1:20:37.603;;Green flag at MSector 13;
17:20:09.834;1:20:38.570;;Yellow flag at MSector 13;
17:20:10.572;1:20:39.308;;Green flag at MSector 13;
17:20:11.535;1:20:40.271;;Yellow flag at MSector 13;
17:20:13.773;1:20:42.509;;Green flag at MSector 13;
17:20:57.708;1:21:26.444;;CAR 24 ESCAPE ROAD T1;
17:22:32.278;1:23:01.014;;CAR 74 - 5SEC TIME PENALTY LEAVING TRACK AND GAINING ADV;
17:24:18.975;1:24:47.711;;CAR 914 BLUE FLAG;
17:24:24.864;1:24:53.600;;CAR 992 - 10SEC TIME PENALTY SPEEDING PITLANE;
17:24:55.350;1:25:24.086;;CAR 91 - DRIVE THROUGH PENALTY SPEEDING PITLANE;
17:24:59.786;1:25:28.522;;CAR 914 BLUE FLAG;
17:25:02.460;1:25:31.196;;CAR 111 BLUE FLAG;
17:25:07.303;1:25:36.039;;CAR 992 BLUE FLAG;
17:25:07.591;1:25:36.327;;CAR12 - 10SEC TIME PENALTY SPEEDING PITLANE;
17:25:21.020;1:25:49.756;;CAR 60 - 10SEC TIME PENALTY SPEEDING PITLANE;
17:25:39.308;1:26:08.044;;CAR 914 BLUE FLAG;
17:26:19.618;1:26:48.354;;CAR 992 BLUE FLAG;
17:26:53.313;1:27:22.049;;CAR 177 BLUE FLAG;
17:26:54.977;1:27:23.713;;CAR 914 BLUE FLAG;
17:28:04.941;1:28:33.677;;CAR 177 BLUE FLAG;
17:28:08.095;1:28:36.831;;CAR 914 BLUE FLAG;
17:28:38.401;1:29:07.137;;CAR 177 IGNORING BLUE FLAG UNDER INVESTIGATION;
17:29:20.236;1:29:48.972;;INCIDENT CARS 177-24 T6 NOTED;
17:29:20.497;1:29:49.233;;CAR 992 BLUE FLAG;
17:31:22.620;1:31:51.356;;INCIDENT CARS 177-24 T6 NO FURTHER INVESTIGATION;
17:31:45.547;1:32:14.283;;CAR 992 BLUE FLAG;
17:32:16.439;1:32:45.175;;CAR 111 BLUE FLAG;
17:32:53.681;1:33:22.417;;CAR 111 BLUE FLAG;
17:33:15.087;1:33:43.823;;CAR 177 - 30SEC TIME PENALTY IGNORING BLUE FLAG;
17:33:28.243;1:33:56.979;;CAR 111 BLUE FLAG;
17:33:33.276;1:34:02.012;;CAR 992 BLUE FLAG;
17:34:11.228;1:34:39.964;;CAR 992 BLUE FLAG;
17:34:42.012;1:35:10.748;;FULL COURSE YELLOW IN 20s;
17:34:52.012;1:35:20.748;;FULL COURSE YELLOW IN 10s;
17:35:02.012;1:35:30.748;;Full course yellow deployed;
17:35:13.355;1:35:42.091;;CAR 914 GRAVEL BED T6;
17:42:32.541;1:43:01.277;;CAR 5 BLACK/ORANGE DISC FLAG;
17:44:40.012;1:45:08.748;;End of minimum FCY duration;
17:45:27.640;1:45:56.376;;Safety car deployed;
17:45:44.551;1:46:13.287;;PIT EXIT IS CLOSED;
17:49:01.822;1:49:30.558;;PIT EXIT IS CLOSED;
17:50:23.177;1:50:51.913;;Safety Car in this Lap;
17:52:01.078;1:52:29.814;;Green flag;
17:54:25.406;1:54:54.142;;Yellow flag at MSector 3;
17:54:34.508;1:55:03.244;;CAR 111 BLUE FLAG;
17:54:36.820;1:55:05.556;;Green flag at MSector 3;
17:54:48.451;1:55:17.187;;CAR 11 BLUE FLAG;
17:54:51.043;1:55:19.779;;CAR 177 BLUE FLAG;
17:55:11.925;1:55:40.661;;CAR 111 BLUE FLAG;
17:55:31.176;1:55:59.912;;INCIDENT CARS 555-97 T2 NOTED;
17:55:49.736;1:56:18.472;;CAR 111 BLUE FLAG;
17:56:03.296;1:56:32.032;;CAR 11 BLUE FLAG;
17:56:24.233;1:56:52.969;;CAR 111 BLUE FLAG;
17:56:33.735;1:57:02.471;;INCIDENT CARS 555-97 T2 UNDER INVESTIGATION;
17:56:38.671;1:57:07.407;;CAR 11 BLUE FLAG;
17:57:01.275;1:57:30.011;;CAR 111 BLUE FLAG;
17:57:17.273;1:57:46.009;;CAR 11 BLUE FLAG;
17:57:21.808;1:57:50.544;;CAR 177 BLUE FLAG;
17:57:31.343;1:58:00.079;;Yellow flag at MSector 13;
17:58:00.805;1:58:29.541;;FULL COURSE YELLOW IN 20s;
17:58:04.654;1:58:33.390;;Full Course Yellow Flag procedure cancelled;
17:58:28.606;1:58:57.342;;Green flag at MSector 13;
17:59:05.651;1:59:34.387;;CAR 111 IGNORING BLUE FLAGS UNDER INVESTIGATION;
18:00:01.094;2:00:29.830;;Yellow flag at MSector 3;
18:00:16.983;2:00:45.719;;Green flag at MSector 3;
18:00:38.850;2:01:07.586;;INCIDENT CARS 84-56 T1 NOTED;
18:03:03.544;2:03:32.280;;INCIDENT CARS 6-89 T10 OVERTAKING UNDER FCY NOTED;
18:03:13.482;2:03:42.218;;CAR 111 BLUE FLAG;
18:03:36.473;2:04:05.209;;INCIDENT CARS 6-88 T2 OVERTAKING UNDER FCY NOTED;
18:04:36.041;2:05:04.777;;CAR 12 BLUE FLAG;
18:05:29.987;2:05:58.723;;Yellow flag at MSector 13;
18:05:33.401;2:06:02.137;;Green flag at MSector 13;
18:06:54.534;2:07:23.270;;CAR 12 PITLANE SPEED UNDER INVESTIGATION;
18:08:23.488;2:08:52.224;;CAR 21 BLUE FLAG;
18:08:24.214;2:08:52.950;;CAR 97 - DRIVE THOUGH PENALTY CAUSING COLLISION;
18:08:52.457;2:09:21.193;;CAR 84 BLUE FLAG;
18:08:58.096;2:09:26.832;;CAR 21 BLUE FLAG;
18:09:39.859;2:10:08.595;;CAR 96 NO GPS NOTED;
18:10:24.916;2:10:53.652;;CAR 914 BLUE FLAG;
18:11:18.890;2:11:47.626;;CAR 84 BLUE FLAG;
18:11:22.642;2:11:51.378;;CAR 21 BLUE FLAG;
18:11:39.889;2:12:08.625;;CAR 914 BLACK / WHITE FLAG TRACK LIMITS;
18:11:50.766;2:12:19.502;;CAR 914 BLUE FLAG;
18:11:55.782;2:12:24.518;;CAR 50 BLUE FLAG;
18:11:59.501;2:12:28.237;;CAR 21 BLUE FLAG;
18:12:30.191;2:12:58.927;;ALL FCY SPEED WILL BE INVESTIGATE AFTER THE RACE;
18:12:30.192;2:12:58.928;;ALL FCY SPEED WILL BE INVESTIGATED AFTER THE RACE;
18:12:34.211;2:13:02.947;;CAR 21 BLUE FLAG;
18:12:39.042;2:13:07.778;;CAR 24 BLUE FLAG;
18:13:11.321;2:13:40.057;;CAR 21 BLUE FLAG;
18:13:43.012;2:14:11.748;;CAR 34 BLUE FLAG;
18:14:14.340;2:14:43.076;;INCIDENT CARS 6-88 OVERTAKING UNDER FCY - NO FURTHER INVESTIGATION;
18:14:17.767;2:14:46.503;;CAR 34 BLUE FLAG;
18:14:26.623;2:14:55.359;;CAR 992 BLUE FLAG;
18:15:02.083;2:15:30.819;;INCIDENT CARS 84-56 T2 NO FURTHER INVESTIGATION;
18:15:02.084;2:15:30.820;;INCIDENT CARS 84-56 T2 WILL BE INVESTIGATED AFTER THE RACE;
18:15:03.389;2:15:32.125;;CAR 992 BLUE FLAG;
18:15:40.294;2:16:09.030;;CAR 992 BLUE FLAG;
18:16:05.037;2:16:33.773;;CAR 991 BLUE FLAG;
18:16:16.059;2:16:44.795;;CAR 914 BLUE FLAG;
18:16:41.521;2:17:10.257;;CAR 991 BLUE FLAG;
18:17:18.452;2:17:47.188;;CAR 88 BLUE FLAG;
18:17:22.114;2:17:50.850;;CAR 84 BLUE FLAG;
18:17:28.786;2:17:57.522;;CAR 24 BLUE FLAG;
18:17:52.746;2:18:21.482;;CAR 71 BLUE FLAG;
18:17:57.306;2:18:26.042;;CAR 84 BLUE FLAG;
18:17:59.460;2:18:28.196;;CAR 12 - 5SEC TIME PENALTY SPEEDING PITLANE;
18:18:29.187;2:18:57.923;;CAR 71 BLUE FLAG;
18:18:33.104;2:19:01.840;;CAR 88 BLUE FLAG;
18:18:34.075;2:19:02.811;;CAR 84 BLUE FLAG;
18:18:38.117;2:19:06.853;;CAR 992 IGNORING BLUE FLAG UNDER INVESTIGATION;
18:19:10.890;2:19:39.626;;CAR 88 BLUE FLAG;
18:19:45.317;2:20:14.053;;CAR 88 BLUE FLAG;
18:20:21.906;2:20:50.642;;CAR 88 BLUE FLAG;
18:20:58.835;2:21:27.571;;CAR 88 BLUE FLAG;
18:21:08.338;2:21:37.074;;CAR 88 IGNORING BLUE FLAG UNDER INVESTIGATION;
18:22:45.306;2:23:14.042;;CAR 58 BLUE FLAG;
18:22:51.351;2:23:20.087;;CAR 44 BLUE FLAG;
18:23:13.627;2:23:42.363;;CAR 6 BLUE FLAG;
18:23:19.557;2:23:48.293;;CAR 58 BLUE FLAG;
18:23:25.578;2:23:54.314;;CAR 44 BLUE FLAG;
18:24:33.790;2:25:02.526;;CAR 58 BLUE FLAG;
18:25:00.884;2:25:29.620;;CAR 93 BLUE FLAG;
18:25:08.035;2:25:36.771;;CAR 58 BLUE FLAG;
18:25:37.325;2:26:06.061;;CAR 30 BLUE FLAG;
18:25:43.169;2:26:11.905;;CAR 998 BLUE FLAG;
18:26:19.855;2:26:48.591;;CAR 998 BLUE FLAG;
18:27:30.774;2:27:59.510;;CAR 34 BLUE FLAG;
18:28:01.018;2:28:29.754;;CAR 35 BLUE FLAG;
18:28:07.637;2:28:36.373;;CAR 34 BLUE FLAG;
18:28:08.678;2:28:37.414;;CAR 998 BLUE FLAG;
18:28:38.949;2:29:07.685;;CAR 177 BLUE FLAG;
18:29:11.356;2:29:40.092;;CAR 42 BLUE FLAG;
18:29:47.882;2:30:16.618;;CAR 42 BLUE FLAG;
18:30:26.535;2:30:55.271;;CAR 12 BLUE FLAG;
18:30:29.153;2:30:57.889;;CAR 992 BLACK / WHITE FLAG TRACK LIMITS;
18:30:30.486;2:30:59.222;;CAR 34 BLUE FLAG;
18:31:00.948;2:31:29.684;;CAR 12 BLUE FLAG;
18:31:07.123;2:31:35.859;;CAR 34 BLUE FLAG;
18:31:43.847;2:32:12.583;;CAR 34 BLUE FLAG;
18:31:58.599;2:32:27.335;;CAR 914 BLUE FLAG;
18:32:22.397;2:32:51.133;;CAR 21 BLUE FLAG;
18:32:44.981;2:33:13.717;;CAR 45 BLUE FLAG;
18:32:53.999;2:33:22.735;;CAR 991 BLUE FLAG;
18:32:59.879;2:33:28.615;;CAR 21 BLUE FLAG;
18:33:22.200;2:33:50.936;;CAR 45 BLUE FLAG;
18:33:31.262;2:33:59.998;;CAR 991 BLUE FLAG;
18:33:36.546;2:34:05.282;;CAR 21 BLUE FLAG;
18:33:42.937;2:34:11.673;;CAR 60 BLUE FLAG;
18:34:05.623;2:34:34.359;;CAR 991 BLUE FLAG;
18:34:07.201;2:34:35.937;;CAR 34 IGNORING BLUE FLAG UNDER INVESTIGATION;
18:34:17.036;2:34:45.772;;CAR 60 BLUE FLAG;
18:34:27.295;2:34:56.031;;CAR 21 IGNORING BLUE FLAG UNDER INVESTIGATION;
18:35:02.456;2:35:31.192;;CAR 992 TIME PENALTY 30s TRACK LIMITS;
18:36:03.385;2:36:32.121;;CAR 177 BLUE FLAG;
18:36:31.921;2:37:00.657;;Yellow flag at MSector 9;
18:36:44.096;2:37:12.832;;CAR 177 BLUE FLAG;
18:36:44.265;2:37:13.001;;CAR 222 BLUE FLAG;
18:36:44.914;2:37:13.650;;CAR 60 BLUE FLAG;
18:37:05.999;2:37:34.735;;CAR 11 BLUE FLAG;
18:37:07.541;2:37:36.277;;CAR 45 BLUE FLAG;
18:37:23.107;2:37:51.843;;CAR 992 BLUE FLAG;
18:37:26.564;2:37:55.300;;FULL COURSE YELLOW IN 20s;
18:37:36.564;2:38:05.300;;FULL COURSE YELLOW IN 10s;
18:37:42.653;2:38:11.389;;CAR 45 BLUE FLAG;
18:37:46.564;2:38:15.300;;Full course yellow deployed;
18:47:24.564;2:47:53.300;;End of minimum FCY duration;
18:47:38.024;2:48:06.760;;Safety car deployed;
18:50:23.082;2:50:51.818;;Safety Car in this Lap;
18:52:25.327;2:52:54.063;;Green flag;
18:52:35.653;2:53:04.389;;Yellow flag at MSector 15;
18:52:39.495;2:53:08.231;;Green flag at MSector 15;
18:53:22.469;2:53:51.205;;INCIDENT CAR 91 T11 NOTED;
18:54:03.416;2:54:32.152;;INCIDENT CARS 48-33 T7 NOTED;
18:54:43.461;2:55:12.197;;Yellow flag at MSector 3;
18:54:53.908;2:55:22.644;;Green flag at MSector 3;
18:54:54.441;2:55:23.177;;Yellow flag at MSector 3;
18:55:07.566;2:55:36.302;;CAR 992 BLUE FLAG;
18:55:09.333;2:55:38.069;;CAR 111 BLUE FLAG;
18:55:09.395;2:55:38.131;;CAR 111 BLUE FLAG;
18:55:13.452;2:55:42.188;;CAR 914 BLUE FLAG;
18:55:16.282;2:55:45.018;;Safety car deployed;
18:55:52.614;2:56:21.350;;INCIDENT TURN 1 NOTED;
18:58:32.875;2:59:01.611;;ALL INCIDENTS AFTER LAST SC RESTART UNDER INVESTIGATION;
19:00:34.226;3:01:02.962;;Chequered flag;
19:00:34.562;3:01:03.298;;PIT EXIT IS CLOSED;
